ISO-10303-21;
HEADER;
FILE_DESCRIPTION (( 'STEP AP214' ),
    '1' );
FILE_NAME ('NX1612SA-50M-EXS00A-CS08403.STEP',
    '2024-04-13T14:00:32',
    ( '' ),
    ( '' ),
    'SwSTEP 2.0',
    'SolidWorks 2016',
    '' );
FILE_SCHEMA (( 'AUTOMOTIVE_DESIGN' ));
ENDSEC;

DATA;
#1 = STYLED_ITEM ( 'NONE', ( #390 ), #1488 ) ;
#2 = CARTESIAN_POINT ( 'NONE',  ( -0.7999999999999951600, 0.1200000000000000000, -0.6000000000000033100 ) ) ;
#3 = ORIENTED_EDGE ( 'NONE', *, *, #1225, .F. ) ;
#4 = DIRECTION ( 'NONE',  ( -1.000000000000000000, -0.0000000000000000000, -0.0000000000000000000 ) ) ;
#5 = CARTESIAN_POINT ( 'NONE',  ( -0.7999999999999951600, 0.0000000000000000000, -0.5292893218813485800 ) ) ;
#6 = AXIS2_PLACEMENT_3D ( 'NONE', #1712, #2653, #1229 ) ;
#7 = LINE ( 'NONE', #1046, #3048 ) ;
#8 = DIRECTION ( 'NONE',  ( 0.7808688094430290500, 0.0000000000000000000, -0.6246950475544259500 ) ) ;
#9 = AXIS2_PLACEMENT_3D ( 'NONE', #2346, #931, #2579 ) ;
#10 = LINE ( 'NONE', #2288, #3052 ) ;
#11 = CARTESIAN_POINT ( 'NONE',  ( 0.7292893218813505400, 0.0000000000000000000, 0.5999999999999963100 ) ) ;
#12 = VERTEX_POINT ( 'NONE', #308 ) ;
#13 = EDGE_CURVE ( 'NONE', #34, #2257, #478, .T. ) ;
#14 = DIRECTION ( 'NONE',  ( 0.0000000000000000000, -0.0000000000000000000, -1.000000000000000000 ) ) ;
#15 = ADVANCED_FACE ( 'NONE', ( #2935 ), #834, .F. ) ;
#16 = EDGE_CURVE ( 'NONE', #776, #1616, #1041, .T. ) ;
#17 = ORIENTED_EDGE ( 'NONE', *, *, #294, .T. ) ;
#18 = AXIS2_PLACEMENT_3D ( 'NONE', #1052, #1486, #416 ) ;
#19 = EDGE_LOOP ( 'NONE', ( #827, #111, #2231, #426 ) ) ;
#20 = LINE ( 'NONE', #495, #1241 ) ;
#21 = CYLINDRICAL_SURFACE ( 'NONE', #509, 0.09999999999999999200 ) ;
#22 = LINE ( 'NONE', #447, #2487 ) ;
#23 = VECTOR ( 'NONE', #1796, 1000.000000000000000 ) ;
#24 = STYLED_ITEM ( 'NONE', ( #2434 ), #146 ) ;
#25 = PRESENTATION_STYLE_ASSIGNMENT (( #197 ) ) ;
#26 = VERTEX_POINT ( 'NONE', #1405 ) ;
#27 = EDGE_CURVE ( 'NONE', #2861, #2164, #2878, .T. ) ;
#28 = PRESENTATION_LAYER_ASSIGNMENT (  '', '', ( #2974 ) ) ;
#29 = APPLICATION_CONTEXT ( 'automotive_design' ) ;
#30 = VECTOR ( 'NONE', #449, 1000.000000000000000 ) ;
#31 = ORIENTED_EDGE ( 'NONE', *, *, #1852, .F. ) ;
#32 = EDGE_LOOP ( 'NONE', ( #545, #74, #2222, #830 ) ) ;
#33 = PRESENTATION_LAYER_ASSIGNMENT (  '', '', ( #2841 ) ) ;
#34 = VERTEX_POINT ( 'NONE', #3055 ) ;
#35 = EDGE_CURVE ( 'NONE', #2778, #1330, #388, .T. ) ;
#36 = FACE_OUTER_BOUND ( 'NONE', #255, .T. ) ;
#37 = ORIENTED_EDGE ( 'NONE', *, *, #2168, .F. ) ;
#38 = EDGE_CURVE ( 'NONE', #1552, #1752, #1694, .T. ) ;
#39 = VECTOR ( 'NONE', #1414, 1000.000000000000000 ) ;
#40 = ORIENTED_EDGE ( 'NONE', *, *, #911, .F. ) ;
#41 = PLANE ( 'NONE',  #1964 ) ;
#42 = FACE_OUTER_BOUND ( 'NONE', #1717, .T. ) ;
#43 = VERTEX_POINT ( 'NONE', #1880 ) ;
#44 = CIRCLE ( 'NONE', #658, 0.07071067811865137900 ) ;
#45 = ORIENTED_EDGE ( 'NONE', *, *, #307, .T. ) ;
#46 = CARTESIAN_POINT ( 'NONE',  ( -0.7715829222936326800, 0.02999999999999999900, -0.5352507166477418200 ) ) ;
#47 = ORIENTED_EDGE ( 'NONE', *, *, #555, .T. ) ;
#48 = ORIENTED_EDGE ( 'NONE', *, *, #2246, .T. ) ;
#49 = FACE_OUTER_BOUND ( 'NONE', #1075, .T. ) ;
#50 = AXIS2_PLACEMENT_3D ( 'NONE', #1462, #3123, #1704 ) ;
#51 = EDGE_LOOP ( 'NONE', ( #771, #2007, #1558, #1509 ) ) ;
#52 = VECTOR ( 'NONE', #2952, 1000.000000000000000 ) ;
#53 = CIRCLE ( 'NONE', #1830, 0.07071067811864996400 ) ;
#54 = LINE ( 'NONE', #2993, #2529 ) ;
#55 = ORIENTED_EDGE ( 'NONE', *, *, #61, .T. ) ;
#56 = LINE ( 'NONE', #986, #2462 ) ;
#57 = AXIS2_PLACEMENT_3D ( 'NONE', #389, #1354, #3029 ) ;
#58 = CARTESIAN_POINT ( 'NONE',  ( 0.7357016169991803500, 0.02999999999999999900, 0.5705769147865071800 ) ) ;
#59 = AXIS2_PLACEMENT_3D ( 'NONE', #2594, #1177, #2848 ) ;
#60 = EDGE_CURVE ( 'NONE', #2136, #2248, #2760, .T. ) ;
#61 = EDGE_CURVE ( 'NONE', #2390, #1162, #1517, .T. ) ;
#62 = VERTEX_POINT ( 'NONE', #1666 ) ;
#63 = EDGE_CURVE ( 'NONE', #471, #1162, #2692, .T. ) ;
#64 = DIRECTION ( 'NONE',  ( 0.0000000000000000000, -1.000000000000000000, 0.0000000000000000000 ) ) ;
#65 = CARTESIAN_POINT ( 'NONE',  ( -0.2499999999999951200, 0.02999999999999999900, -0.3999999999999964100 ) ) ;
#66 = ORIENTED_EDGE ( 'NONE', *, *, #1965, .T. ) ;
#67 = EDGE_CURVE ( 'NONE', #2600, #1820, #232, .T. ) ;
#68 = VECTOR ( 'NONE', #699, 1000.000000000000000 ) ;
#69 = CYLINDRICAL_SURFACE ( 'NONE', #1251, 0.1000000000000000500 ) ;
#70 = CARTESIAN_POINT ( 'NONE',  ( -0.7099804735160403200, 0.0000000000000000000, 0.5499999999999963800 ) ) ;
#71 = EDGE_CURVE ( 'NONE', #1435, #2309, #1450, .T. ) ;
#72 = LINE ( 'NONE', #3020, #1369 ) ;
#73 = DIRECTION ( 'NONE',  ( -0.0000000000000000000, 1.000000000000000000, 0.0000000000000000000 ) ) ;
#74 = ORIENTED_EDGE ( 'NONE', *, *, #1912, .F. ) ;
#75 = DIRECTION ( 'NONE',  ( -0.7071067811865474600, 0.0000000000000000000, 0.7071067811865474600 ) ) ;
#76 = EDGE_LOOP ( 'NONE', ( #79, #1816, #2273, #376 ) ) ;
#77 = SURFACE_SIDE_STYLE ('',( #1284 ) ) ;
#78 = ORIENTED_EDGE ( 'NONE', *, *, #370, .T. ) ;
#79 = ORIENTED_EDGE ( 'NONE', *, *, #1518, .T. ) ;
#80 = LINE ( 'NONE', #2638, #1380 ) ;
#81 = VECTOR ( 'NONE', #645, 1000.000000000000000 ) ;
#82 = DIRECTION ( 'NONE',  ( 1.022832238193872700E-016, 0.0000000000000000000, 1.000000000000000000 ) ) ;
#83 = LINE ( 'NONE', #359, #1389 ) ;
#84 = LINE ( 'NONE', #2561, #1955 ) ;
#85 = ORIENTED_EDGE ( 'NONE', *, *, #223, .T. ) ;
#86 = ORIENTED_EDGE ( 'NONE', *, *, #2884, .F. ) ;
#87 = DIRECTION ( 'NONE',  ( 0.7808688094430299400, 0.0000000000000000000, -0.6246950475544247300 ) ) ;
#88 = CARTESIAN_POINT ( 'NONE',  ( -0.3999999999999950800, 0.0000000000000000000, -0.5499999999999963800 ) ) ;
#89 = DIRECTION ( 'NONE',  ( -0.0000000000000000000, 1.000000000000000000, -0.0000000000000000000 ) ) ;
#90 = ORIENTED_EDGE ( 'NONE', *, *, #1300, .F. ) ;
#91 = ORIENTED_EDGE ( 'NONE', *, *, #2747, .F. ) ;
#92 = VERTEX_POINT ( 'NONE', #2237 ) ;
#93 = DIRECTION ( 'NONE',  ( 0.0000000000000000000, -1.000000000000000000, 0.0000000000000000000 ) ) ;
#94 = ORIENTED_EDGE ( 'NONE', *, *, #2938, .F. ) ;
#95 = DIRECTION ( 'NONE',  ( -0.0000000000000000000, 1.000000000000000000, -0.0000000000000000000 ) ) ;
#96 = DIRECTION ( 'NONE',  ( -0.0000000000000000000, -1.000000000000000000, -0.0000000000000000000 ) ) ;
#97 = AXIS2_PLACEMENT_3D ( 'NONE', #134, #1823, #385 ) ;
#98 = VECTOR ( 'NONE', #4, 1000.000000000000000 ) ;
#99 = EDGE_LOOP ( 'NONE', ( #2212, #2789, #2323, #2272 ) ) ;
#100 = LINE ( 'NONE', #1169, #39 ) ;
#101 = ORIENTED_EDGE ( 'NONE', *, *, #522, .T. ) ;
#102 = EDGE_CURVE ( 'NONE', #3103, #1947, #2160, .T. ) ;
#103 = DIRECTION ( 'NONE',  ( 0.0000000000000000000, 0.0000000000000000000, 1.000000000000000000 ) ) ;
#104 = LINE ( 'NONE', #2909, #772 ) ;
#105 = CARTESIAN_POINT ( 'NONE',  ( -0.7999999999999950500, 0.02999999999999999900, -0.5999999999999963100 ) ) ;
#106 = ORIENTED_EDGE ( 'NONE', *, *, #649, .T. ) ;
#107 =( NAMED_UNIT ( * ) PLANE_ANGLE_UNIT ( ) SI_UNIT ( $, .RADIAN. ) );
#108 = CARTESIAN_POINT ( 'NONE',  ( 0.7099804735160403200, 0.0000000000000000000, -0.5499999999999959400 ) ) ;
#109 = FACE_OUTER_BOUND ( 'NONE', #3037, .T. ) ;
#110 = DIRECTION ( 'NONE',  ( 1.000000000000000000, 0.0000000000000000000, 0.0000000000000000000 ) ) ;
#111 = ORIENTED_EDGE ( 'NONE', *, *, #1612, .F. ) ;
#112 = EDGE_LOOP ( 'NONE', ( #1289, #2757, #1411, #2657 ) ) ;
#113 = CARTESIAN_POINT ( 'NONE',  ( -0.2499999999999951200, 0.02999999999999999900, 0.5499999999999963800 ) ) ;
#114 = VERTEX_POINT ( 'NONE', #436 ) ;
#115 = EDGE_CURVE ( 'NONE', #1049, #2690, #54, .T. ) ;
#116 = ADVANCED_FACE ( 'NONE', ( #1985 ), #1165, .F. ) ;
#117 = ORIENTED_EDGE ( 'NONE', *, *, #1809, .T. ) ;
#118 = CARTESIAN_POINT ( 'NONE',  ( -0.7357016169991825700, 0.02999999999999999900, -0.5705769147865087400 ) ) ;
#119 = VECTOR ( 'NONE', #1854, 1000.000000000000000 ) ;
#120 = VECTOR ( 'NONE', #1407, 1000.000000000000000 ) ;
#121 = ORIENTED_EDGE ( 'NONE', *, *, #1057, .F. ) ;
#122 = DIRECTION ( 'NONE',  ( 1.000000000000000000, 0.0000000000000000000, 0.0000000000000000000 ) ) ;
#123 = FACE_OUTER_BOUND ( 'NONE', #240, .T. ) ;
#124 = LINE ( 'NONE', #1855, #715 ) ;
#125 = LINE ( 'NONE', #665, #1925 ) ;
#126 = DIRECTION ( 'NONE',  ( 0.0000000000000000000, 0.0000000000000000000, -1.000000000000000000 ) ) ;
#127 = PLANE ( 'NONE',  #2394 ) ;
#128 = ORIENTED_EDGE ( 'NONE', *, *, #2214, .F. ) ;
#129 = DIRECTION ( 'NONE',  ( 1.000000000000000000, -0.0000000000000000000, 0.0000000000000000000 ) ) ;
#130 = CARTESIAN_POINT ( 'NONE',  ( 0.0000000000000000000, 0.0000000000000000000, 0.0000000000000000000 ) ) ;
#131 = SURFACE_STYLE_USAGE ( .BOTH. , #1598 ) ;
#132 = FACE_OUTER_BOUND ( 'NONE', #2542, .T. ) ;
#133 = EDGE_CURVE ( 'NONE', #2260, #989, #125, .T. ) ;
#134 = CARTESIAN_POINT ( 'NONE',  ( 0.8000000000000052600, 0.0000000000000000000, 0.5999999999999963100 ) ) ;
#135 = EDGE_CURVE ( 'NONE', #2447, #187, #1272, .T. ) ;
#136 = DIRECTION ( 'NONE',  ( 2.710505431213762100E-016, 0.0000000000000000000, 1.000000000000000000 ) ) ;
#137 = EDGE_CURVE ( 'NONE', #2939, #1149, #716, .T. ) ;
#138 = ADVANCED_FACE ( 'NONE', ( #671 ), #2850, .F. ) ;
#139 = CARTESIAN_POINT ( 'NONE',  ( -0.7099804735160403200, 0.0000000000000000000, -0.5499999999999963800 ) ) ;
#140 = DIRECTION ( 'NONE',  ( 1.000000000000000000, 0.0000000000000000000, 0.0000000000000000000 ) ) ;
#141 = EDGE_LOOP ( 'NONE', ( #1743, #1993, #2823, #2943 ) ) ;
#142 = CARTESIAN_POINT ( 'NONE',  ( 0.2499999999999951200, 0.02999999999999999900, 0.2999999999999962100 ) ) ;
#143 = CARTESIAN_POINT ( 'NONE',  ( 0.3999999999999950800, 0.0000000000000000000, 0.1499999999999962800 ) ) ;
#144 = ORIENTED_EDGE ( 'NONE', *, *, #219, .F. ) ;
#145 = DIRECTION ( 'NONE',  ( 0.0000000000000000000, -1.000000000000000000, 0.0000000000000000000 ) ) ;
#146 = MANIFOLD_SOLID_BREP ( 'Boss-Extrude4[2]', #2204 ) ;
#147 = DIRECTION ( 'NONE',  ( -0.0000000000000000000, 1.000000000000000000, -0.0000000000000000000 ) ) ;
#148 = PLANE ( 'NONE',  #238 ) ;
#149 = CARTESIAN_POINT ( 'NONE',  ( 0.7099804735160403200, 0.02999999999999999900, -0.5499999999999959400 ) ) ;
#150 = DIRECTION ( 'NONE',  ( 2.168404344971008900E-015, 0.0000000000000000000, 1.000000000000000000 ) ) ;
#151 = LINE ( 'NONE', #2859, #1466 ) ;
#152 = CYLINDRICAL_SURFACE ( 'NONE', #956, 0.07071067811865462700 ) ;
#153 = CARTESIAN_POINT ( 'NONE',  ( 0.7499999999999951200, 0.02999999999999999900, 0.1499999999999962800 ) ) ;
#154 = ORIENTED_EDGE ( 'NONE', *, *, #512, .F. ) ;
#155 = CARTESIAN_POINT ( 'NONE',  ( -0.2499999999999951200, 0.0000000000000000000, -0.3999999999999964100 ) ) ;
#156 = AXIS2_PLACEMENT_3D ( 'NONE', #1806, #863, #2519 ) ;
#157 = CARTESIAN_POINT ( 'NONE',  ( 0.6500000000000051300, 0.2699999999999999600, -0.4500000000000032900 ) ) ;
#158 = CARTESIAN_POINT ( 'NONE',  ( 0.7099804735160403200, 0.02999999999999999900, 0.5499999999999959400 ) ) ;
#159 = VERTEX_POINT ( 'NONE', #1670 ) ;
#160 = ADVANCED_FACE ( 'NONE', ( #584 ), #217, .F. ) ;
#161 = LINE ( 'NONE', #866, #1607 ) ;
#162 = ORIENTED_EDGE ( 'NONE', *, *, #1062, .T. ) ;
#163 = CARTESIAN_POINT ( 'NONE',  ( -0.2499999999999951200, 0.0000000000000000000, 0.5499999999999963800 ) ) ;
#164 = DIRECTION ( 'NONE',  ( -0.0000000000000000000, 1.000000000000000000, -0.0000000000000000000 ) ) ;
#165 = VERTEX_POINT ( 'NONE', #2867 ) ;
#166 = ORIENTED_EDGE ( 'NONE', *, *, #2758, .T. ) ;
#167 = CARTESIAN_POINT ( 'NONE',  ( -0.7299999999999952100, 0.2999999999999999300, -0.5300000000000029100 ) ) ;
#168 = CARTESIAN_POINT ( 'NONE',  ( 0.8000000000000049300, 0.0000000000000000000, -0.6000000000000033100 ) ) ;
#169 = FACE_OUTER_BOUND ( 'NONE', #1660, .T. ) ;
#170 = ADVANCED_FACE ( 'NONE', ( #369 ), #1438, .F. ) ;
#171 = VECTOR ( 'NONE', #422, 1000.000000000000000 ) ;
#172 = CARTESIAN_POINT ( 'NONE',  ( 0.7499999999999951200, 0.0000000000000000000, -0.5179843788128313300 ) ) ;
#173 = VECTOR ( 'NONE', #82, 1000.000000000000000 ) ;
#174 = LINE ( 'NONE', #1417, #454 ) ;
#175 = EDGE_CURVE ( 'NONE', #451, #1422, #2223, .T. ) ;
#176 = ORIENTED_EDGE ( 'NONE', *, *, #402, .T. ) ;
#177 = EDGE_LOOP ( 'NONE', ( #680, #31, #319, #662 ) ) ;
#178 = CARTESIAN_POINT ( 'NONE',  ( 0.8000000000000049300, 0.0000000000000000000, -0.6000000000000033100 ) ) ;
#179 = EDGE_CURVE ( 'NONE', #2792, #1435, #2866, .T. ) ;
#180 = DIRECTION ( 'NONE',  ( -0.0000000000000000000, 1.000000000000000000, -0.0000000000000000000 ) ) ;
#181 = CARTESIAN_POINT ( 'NONE',  ( -0.7715829222936326800, 0.02999999999999999900, 0.5352507166477418200 ) ) ;
#182 = ADVANCED_FACE ( 'NONE', ( #1592 ), #41, .F. ) ;
#183 = DIRECTION ( 'NONE',  ( 0.0000000000000000000, 0.0000000000000000000, -1.000000000000000000 ) ) ;
#184 = CARTESIAN_POINT ( 'NONE',  ( -0.6299999999999950100, 0.2999999999999999300, 0.4299999999999963300 ) ) ;
#185 = CARTESIAN_POINT ( 'NONE',  ( 0.2499999999999951200, 0.0000000000000000000, -0.1499999999999962800 ) ) ;
#186 = DIRECTION ( 'NONE',  ( 1.000000000000000000, 0.0000000000000000000, -0.0000000000000000000 ) ) ;
#187 = VERTEX_POINT ( 'NONE', #533 ) ;
#188 = AXIS2_PLACEMENT_3D ( 'NONE', #2121, #1423, #3087 ) ;
#189 = EDGE_LOOP ( 'NONE', ( #475, #2454, #503, #1807 ) ) ;
#190 = CARTESIAN_POINT ( 'NONE',  ( 0.7499999999999951200, 0.02999999999999999900, 0.1499999999999962800 ) ) ;
#191 = EDGE_CURVE ( 'NONE', #1615, #3106, #968, .T. ) ;
#192 = DIRECTION ( 'NONE',  ( -1.000000000000000000, 0.0000000000000000000, 0.0000000000000000000 ) ) ;
#193 = DIRECTION ( 'NONE',  ( -1.000000000000000000, 0.0000000000000000000, 7.426042277297974100E-017 ) ) ;
#194 = CARTESIAN_POINT ( 'NONE',  ( -0.7357016169991782400, 0.02999999999999999900, -0.5705769147865067400 ) ) ;
#195 = EDGE_LOOP ( 'NONE', ( #2426, #48, #1224, #2504, #351, #3019, #1532, #544 ) ) ;
#196 = VERTEX_POINT ( 'NONE', #305 ) ;
#197 = SURFACE_STYLE_USAGE ( .BOTH. , #1645 ) ;
#198 = DIRECTION ( 'NONE',  ( -0.0000000000000000000, -0.0000000000000000000, 1.000000000000000000 ) ) ;
#199 = DIRECTION ( 'NONE',  ( 0.0000000000000000000, 0.0000000000000000000, 1.000000000000000000 ) ) ;
#201 = ORIENTED_EDGE ( 'NONE', *, *, #2992, .T. ) ;
#200 = MECHANICAL_DESIGN_GEOMETRIC_PRESENTATION_REPRESENTATION (  '', ( #2974 ), #348 ) ;
#202 = DIRECTION ( 'NONE',  ( 0.0000000000000000000, 0.0000000000000000000, -1.000000000000000000 ) ) ;
#203 = DIRECTION ( 'NONE',  ( 1.000000000000000000, 0.0000000000000000000, 0.0000000000000000000 ) ) ;
#204 = CARTESIAN_POINT ( 'NONE',  ( 0.2499999999999951200, 0.0000000000000000000, 0.5499999999999959400 ) ) ;
#205 = DIRECTION ( 'NONE',  ( 0.7808688094430299400, -0.0000000000000000000, 0.6246950475544247300 ) ) ;
#206 = DIRECTION ( 'NONE',  ( 0.6246950475544247300, -0.0000000000000000000, 0.7808688094430299400 ) ) ;
#207 = CARTESIAN_POINT ( 'NONE',  ( 0.7099804735160403200, 0.02999999999999999900, -0.5499999999999959400 ) ) ;
#208 = LINE ( 'NONE', #1908, #2033 ) ;
#209 = AXIS2_PLACEMENT_3D ( 'NONE', #583, #835, #2495 ) ;
#210 = MECHANICAL_DESIGN_GEOMETRIC_PRESENTATION_REPRESENTATION (  '', ( #2841 ), #357 ) ;
#211 = DIRECTION ( 'NONE',  ( 0.7071067811865474600, -0.0000000000000000000, -0.7071067811865474600 ) ) ;
#212 = FACE_BOUND ( 'NONE', #829, .T. ) ;
#213 = DIRECTION ( 'NONE',  ( -0.0000000000000000000, 0.0000000000000000000, -1.000000000000000000 ) ) ;
#214 = ORIENTED_EDGE ( 'NONE', *, *, #252, .F. ) ;
#215 = DIRECTION ( 'NONE',  ( 0.0000000000000000000, -1.000000000000000000, 0.0000000000000000000 ) ) ;
#216 = CARTESIAN_POINT ( 'NONE',  ( 0.7999999999999950500, 0.0000000000000000000, 0.5999999999999959800 ) ) ;
#217 = PLANE ( 'NONE',  #1168 ) ;
#218 = ORIENTED_EDGE ( 'NONE', *, *, #2440, .T. ) ;
#219 = EDGE_CURVE ( 'NONE', #885, #2635, #2764, .T. ) ;
#220 = LINE ( 'NONE', #1635, #2043 ) ;
#221 = CARTESIAN_POINT ( 'NONE',  ( -0.7357016169991782400, -0.0000000000000000000, -0.5705769147865067400 ) ) ;
#222 = ORIENTED_EDGE ( 'NONE', *, *, #2005, .F. ) ;
#223 = EDGE_CURVE ( 'NONE', #559, #26, #301, .T. ) ;
#224 = ORIENTED_EDGE ( 'NONE', *, *, #2475, .F. ) ;
#225 = DIRECTION ( 'NONE',  ( 0.0000000000000000000, -1.000000000000000000, -0.0000000000000000000 ) ) ;
#226 = DIRECTION ( 'NONE',  ( 1.000000000000000000, -0.0000000000000000000, -0.0000000000000000000 ) ) ;
#227 = LINE ( 'NONE', #2103, #1335 ) ;
#228 = LINE ( 'NONE', #1164, #120 ) ;
#229 = ORIENTED_EDGE ( 'NONE', *, *, #890, .F. ) ;
#230 = ORIENTED_EDGE ( 'NONE', *, *, #1594, .T. ) ;
#231 = VECTOR ( 'NONE', #110, 1000.000000000000000 ) ;
#232 = LINE ( 'NONE', #2592, #787 ) ;
#233 = DIRECTION ( 'NONE',  ( -0.0000000000000000000, 1.000000000000000000, -0.0000000000000000000 ) ) ;
#234 = ORIENTED_EDGE ( 'NONE', *, *, #2747, .T. ) ;
#235 = LINE ( 'NONE', #1273, #1455 ) ;
#236 = PLANE ( 'NONE',  #1511 ) ;
#237 = AXIS2_PLACEMENT_3D ( 'NONE', #1457, #1692, #239 ) ;
#238 = AXIS2_PLACEMENT_3D ( 'NONE', #406, #632, #2318 ) ;
#239 = DIRECTION ( 'NONE',  ( 0.7808688094430859000, 0.0000000000000000000, -0.6246950475543547900 ) ) ;
#240 = EDGE_LOOP ( 'NONE', ( #713, #2177, #1976, #1378 ) ) ;
#241 = CARTESIAN_POINT ( 'NONE',  ( 0.7357016169991782400, 0.0000000000000000000, -0.5705769147865064100 ) ) ;
#242 = ORIENTED_EDGE ( 'NONE', *, *, #246, .T. ) ;
#243 = DIRECTION ( 'NONE',  ( -0.0000000000000000000, -0.0000000000000000000, -1.000000000000000000 ) ) ;
#244 = AXIS2_PLACEMENT_3D ( 'NONE', #3074, #203, #1882 ) ;
#245 = EDGE_CURVE ( 'NONE', #1011, #2158, #1520, .T. ) ;
#246 = EDGE_CURVE ( 'NONE', #871, #1149, #235, .T. ) ;
#247 = CARTESIAN_POINT ( 'NONE',  ( 0.7099804735160403200, 0.02999999999999999900, -0.5499999999999959400 ) ) ;
#248 = VECTOR ( 'NONE', #670, 1000.000000000000000 ) ;
#249 = COLOUR_RGB ( '',1.000000000000000000, 1.000000000000000000, 1.000000000000000000 ) ;
#250 = ADVANCED_FACE ( 'NONE', ( #132 ), #1988, .F. ) ;
#251 = ORIENTED_EDGE ( 'NONE', *, *, #797, .F. ) ;
#252 = EDGE_CURVE ( 'NONE', #1258, #290, #2629, .T. ) ;
#253 = CARTESIAN_POINT ( 'NONE',  ( 0.7499999999999951200, 0.02999999999999999900, 0.5179843788128313300 ) ) ;
#254 = VECTOR ( 'NONE', #2521, 1000.000000000000100 ) ;
#255 = EDGE_LOOP ( 'NONE', ( #2118, #1339, #2783, #2616 ) ) ;
#256 = DIRECTION ( 'NONE',  ( -0.0000000000000000000, 1.000000000000000000, 0.0000000000000000000 ) ) ;
#257 = CARTESIAN_POINT ( 'NONE',  ( 0.6500000000000051300, 0.2699999999999999600, 0.4499999999999963500 ) ) ;
#258 = EDGE_CURVE ( 'NONE', #952, #2398, #3077, .T. ) ;
#259 = EDGE_LOOP ( 'NONE', ( #1614, #894, #2433, #2715 ) ) ;
#260 = ORIENTED_EDGE ( 'NONE', *, *, #849, .F. ) ;
#261 = LINE ( 'NONE', #1903, #2097 ) ;
#262 = LINE ( 'NONE', #2785, #2718 ) ;
#263 = EDGE_CURVE ( 'NONE', #778, #644, #790, .T. ) ;
#264 = VECTOR ( 'NONE', #1067, 1000.000000000000000 ) ;
#265 = VECTOR ( 'NONE', #3051, 1000.000000000000200 ) ;
#266 = CARTESIAN_POINT ( 'NONE',  ( -0.7099804735160403200, 0.0000000000000000000, 0.5499999999999963800 ) ) ;
#267 = ORIENTED_EDGE ( 'NONE', *, *, #2808, .T. ) ;
#268 = EDGE_LOOP ( 'NONE', ( #2186, #90, #2517, #1198 ) ) ;
#269 = DIRECTION ( 'NONE',  ( -0.0000000000000000000, 0.0000000000000000000, -1.000000000000000000 ) ) ;
#270 = UNCERTAINTY_MEASURE_WITH_UNIT (LENGTH_MEASURE( 1.000000000000000100E-005 ), #1821, 'distance_accuracy_value', 'NONE');
#271 = ADVANCED_FACE ( 'NONE', ( #1347 ), #3122, .T. ) ;
#272 = CARTESIAN_POINT ( 'NONE',  ( 0.2499999999999951200, 0.0000000000000000000, 0.2999999999999962100 ) ) ;
#273 = PLANE ( 'NONE',  #709 ) ;
#274 = DIRECTION ( 'NONE',  ( 0.7808688094430299400, 0.0000000000000000000, -0.6246950475544247300 ) ) ;
#275 = AXIS2_PLACEMENT_3D ( 'NONE', #1093, #2051, #601 ) ;
#276 = ORIENTED_EDGE ( 'NONE', *, *, #3028, .F. ) ;
#277 = EDGE_LOOP ( 'NONE', ( #1667, #3046, #1596, #2762 ) ) ;
#278 = CARTESIAN_POINT ( 'NONE',  ( 0.2499999999999951200, 0.02999999999999999900, -0.1499999999999962800 ) ) ;
#279 = FILL_AREA_STYLE ('',( #1719 ) ) ;
#280 = ORIENTED_EDGE ( 'NONE', *, *, #1612, .T. ) ;
#281 = ORIENTED_EDGE ( 'NONE', *, *, #3101, .T. ) ;
#282 = ORIENTED_EDGE ( 'NONE', *, *, #245, .F. ) ;
#283 = CARTESIAN_POINT ( 'NONE',  ( -0.7499999999999951200, 0.0000000000000000000, -0.1499999999999963900 ) ) ;
#284 = VECTOR ( 'NONE', #2853, 1000.000000000000000 ) ;
#285 = LINE ( 'NONE', #2314, #2679 ) ;
#286 = ORIENTED_EDGE ( 'NONE', *, *, #2032, .F. ) ;
#287 = ORIENTED_EDGE ( 'NONE', *, *, #2536, .T. ) ;
#288 = AXIS2_PLACEMENT_3D ( 'NONE', #1094, #2059, #607 ) ;
#289 = LINE ( 'NONE', #1381, #774 ) ;
#290 = VERTEX_POINT ( 'NONE', #1215 ) ;
#291 = EDGE_LOOP ( 'NONE', ( #3058, #710, #2468, #692 ) ) ;
#292 = VECTOR ( 'NONE', #990, 1000.000000000000000 ) ;
#293 = LINE ( 'NONE', #900, #2755 ) ;
#294 = EDGE_CURVE ( 'NONE', #1543, #2076, #56, .T. ) ;
#295 = EDGE_LOOP ( 'NONE', ( #487, #1942, #961, #2026 ) ) ;
#296 = VERTEX_POINT ( 'NONE', #2889 ) ;
#297 = VECTOR ( 'NONE', #2997, 1000.000000000000000 ) ;
#298 = VECTOR ( 'NONE', #2566, 1000.000000000000000 ) ;
#299 = ORIENTED_EDGE ( 'NONE', *, *, #2895, .T. ) ;
#300 = DIRECTION ( 'NONE',  ( 0.0000000000000000000, 0.0000000000000000000, 1.000000000000000000 ) ) ;
#301 = LINE ( 'NONE', #1987, #864 ) ;
#302 = EDGE_CURVE ( 'NONE', #349, #2248, #1927, .T. ) ;
#303 = CARTESIAN_POINT ( 'NONE',  ( -0.7357016169991782400, 0.02999999999999999900, 0.5705769147865067400 ) ) ;
#304 = EDGE_LOOP ( 'NONE', ( #2444, #2958, #763, #45 ) ) ;
#305 = CARTESIAN_POINT ( 'NONE',  ( -0.7499999999999951200, 0.02999999999999999900, -0.5179843788128317700 ) ) ;
#306 = EDGE_CURVE ( 'NONE', #2496, #12, #1835, .T. ) ;
#307 = EDGE_CURVE ( 'NONE', #364, #540, #1274, .T. ) ;
#308 = CARTESIAN_POINT ( 'NONE',  ( 0.7499999999999951200, 0.0000000000000000000, 0.5179843788128313300 ) ) ;
#309 = CARTESIAN_POINT ( 'NONE',  ( 0.6500000000000050200, 0.2699999999999999600, 0.5499999999999963800 ) ) ;
#310 = ORIENTED_EDGE ( 'NONE', *, *, #3117, .T. ) ;
#311 = EDGE_CURVE ( 'NONE', #995, #3091, #554, .T. ) ;
#312 = LINE ( 'NONE', #1641, #248 ) ;
#313 = ORIENTED_EDGE ( 'NONE', *, *, #2195, .T. ) ;
#314 = DIRECTION ( 'NONE',  ( -0.7808688094430406000, 0.0000000000000000000, -0.6246950475544114100 ) ) ;
#315 = DIRECTION ( 'NONE',  ( 0.0000000000000000000, 0.0000000000000000000, 1.000000000000000000 ) ) ;
#316 = FACE_OUTER_BOUND ( 'NONE', #1240, .T. ) ;
#317 = VECTOR ( 'NONE', #2031, 1000.000000000000000 ) ;
#318 = ORIENTED_EDGE ( 'NONE', *, *, #653, .T. ) ;
#319 = ORIENTED_EDGE ( 'NONE', *, *, #1012, .F. ) ;
#320 = PLANE ( 'NONE',  #2357 ) ;
#321 = ORIENTED_EDGE ( 'NONE', *, *, #480, .F. ) ;
#322 = VERTEX_POINT ( 'NONE', #1475 ) ;
#323 = AXIS2_PLACEMENT_3D ( 'NONE', #2145, #1432, #8 ) ;
#324 = FACE_OUTER_BOUND ( 'NONE', #32, .T. ) ;
#325 = CARTESIAN_POINT ( 'NONE',  ( -0.7099804735160403200, 0.02999999999999999900, -0.5499999999999963800 ) ) ;
#326 = PRESENTATION_LAYER_ASSIGNMENT (  '', '', ( #1 ) ) ;
#327 = LINE ( 'NONE', #1767, #1055 ) ;
#328 = VECTOR ( 'NONE', #895, 1000.000000000000000 ) ;
#329 = ORIENTED_EDGE ( 'NONE', *, *, #1222, .F. ) ;
#330 = DIRECTION ( 'NONE',  ( -0.6246950475544259500, 0.0000000000000000000, -0.7808688094430290500 ) ) ;
#331 = DIRECTION ( 'NONE',  ( 0.0000000000000000000, 0.0000000000000000000, -1.000000000000000000 ) ) ;
#332 = AXIS2_PLACEMENT_3D ( 'NONE', #1723, #1946, #510 ) ;
#333 =( LENGTH_UNIT ( ) NAMED_UNIT ( * ) SI_UNIT ( .MILLI., .METRE. ) );
#334 = ORIENTED_EDGE ( 'NONE', *, *, #1014, .T. ) ;
#335 = ORIENTED_EDGE ( 'NONE', *, *, #3038, .T. ) ;
#336 = EDGE_CURVE ( 'NONE', #1615, #2924, #1766, .T. ) ;
#337 = EDGE_CURVE ( 'NONE', #1947, #548, #2427, .T. ) ;
#338 = ORIENTED_EDGE ( 'NONE', *, *, #3113, .T. ) ;
#339 = VERTEX_POINT ( 'NONE', #2663 ) ;
#340 = DIRECTION ( 'NONE',  ( 0.7808688094430299400, 0.0000000000000000000, 0.6246950475544247300 ) ) ;
#341 = CARTESIAN_POINT ( 'NONE',  ( -0.5440438072099596000, 0.2999999999999999300, 0.3217767925781789800 ) ) ;
#342 = PRESENTATION_LAYER_ASSIGNMENT (  '', '', ( #24 ) ) ;
#343 = EDGE_CURVE ( 'NONE', #778, #2362, #2975, .T. ) ;
#344 = LINE ( 'NONE', #1076, #434 ) ;
#345 = CARTESIAN_POINT ( 'NONE',  ( -0.7099804735160403200, 0.0000000000000000000, 0.5499999999999963800 ) ) ;
#346 = VECTOR ( 'NONE', #2776, 1000.000000000000000 ) ;
#347 = PLANE ( 'NONE',  #209 ) ;
#348 =( GEOMETRIC_REPRESENTATION_CONTEXT ( 3 ) GLOBAL_UNCERTAINTY_ASSIGNED_CONTEXT ( ( #2139 ) ) GLOBAL_UNIT_ASSIGNED_CONTEXT ( ( #2209, #762, #2429 ) ) REPRESENTATION_CONTEXT ( 'NONE', 'WORKASPACE' ) );
#349 = VERTEX_POINT ( 'NONE', #1236 ) ;
#350 = PLANE ( 'NONE',  #2049 ) ;
#351 = ORIENTED_EDGE ( 'NONE', *, *, #1797, .T. ) ;
#352 = VERTEX_POINT ( 'NONE', #1007 ) ;
#353 = FACE_OUTER_BOUND ( 'NONE', #1519, .T. ) ;
#354 = VERTEX_POINT ( 'NONE', #1727 ) ;
#355 = EDGE_LOOP ( 'NONE', ( #1050, #529, #2041, #94 ) ) ;
#356 = AXIS2_PLACEMENT_3D ( 'NONE', #2753, #1320, #2995 ) ;
#357 =( GEOMETRIC_REPRESENTATION_CONTEXT ( 3 ) GLOBAL_UNCERTAINTY_ASSIGNED_CONTEXT ( ( #930 ) ) GLOBAL_UNIT_ASSIGNED_CONTEXT ( ( #953, #2602, #1184 ) ) REPRESENTATION_CONTEXT ( 'NONE', 'WORKASPACE' ) );
#358 = DIRECTION ( 'NONE',  ( 0.0000000000000000000, 0.0000000000000000000, 1.000000000000000000 ) ) ;
#359 = CARTESIAN_POINT ( 'NONE',  ( -0.2499999999999951200, 0.02999999999999999900, 0.1499999999999963900 ) ) ;
#360 = LINE ( 'NONE', #1928, #1580 ) ;
#361 = LINE ( 'NONE', #2320, #1513 ) ;
#362 = CARTESIAN_POINT ( 'NONE',  ( -0.7099804735160403200, 0.02999999999999999900, -0.5499999999999963800 ) ) ;
#363 = VECTOR ( 'NONE', #1173, 1000.000000000000000 ) ;
#364 = VERTEX_POINT ( 'NONE', #2419 ) ;
#365 = ORIENTED_EDGE ( 'NONE', *, *, #2659, .F. ) ;
#366 = EDGE_CURVE ( 'NONE', #2924, #2084, #521, .T. ) ;
#367 = PLANE ( 'NONE',  #288 ) ;
#368 = CARTESIAN_POINT ( 'NONE',  ( 0.7499999999999951200, 0.02999999999999999900, -0.5179843788128313300 ) ) ;
#369 = FACE_OUTER_BOUND ( 'NONE', #1291, .T. ) ;
#370 = EDGE_CURVE ( 'NONE', #1686, #2513, #1160, .T. ) ;
#371 = DIRECTION ( 'NONE',  ( 0.0000000000000000000, 0.0000000000000000000, 1.000000000000000000 ) ) ;
#372 = ADVANCED_FACE ( 'NONE', ( #3060 ), #552, .F. ) ;
#373 = ORIENTED_EDGE ( 'NONE', *, *, #102, .T. ) ;
#374 = CARTESIAN_POINT ( 'NONE',  ( -0.7099804735160403200, 0.0000000000000000000, 0.5499999999999963800 ) ) ;
#375 = CARTESIAN_POINT ( 'NONE',  ( -0.7099804735160403200, 0.02999999999999999900, 0.5499999999999963800 ) ) ;
#376 = ORIENTED_EDGE ( 'NONE', *, *, #219, .T. ) ;
#377 = PLANE ( 'NONE',  #2471 ) ;
#378 = CARTESIAN_POINT ( 'NONE',  ( 0.7499999999999951200, 0.02999999999999999900, 0.5179843788128313300 ) ) ;
#379 = DIRECTION ( 'NONE',  ( 0.0000000000000000000, -1.000000000000000000, 0.0000000000000000000 ) ) ;
#380 = STYLED_ITEM ( 'NONE', ( #25 ), #1276 ) ;
#381 = DIRECTION ( 'NONE',  ( 0.0000000000000000000, 0.0000000000000000000, 1.000000000000000000 ) ) ;
#382 =( NAMED_UNIT ( * ) PLANE_ANGLE_UNIT ( ) SI_UNIT ( $, .RADIAN. ) );
#383 = VERTEX_POINT ( 'NONE', #278 ) ;
#384 = ADVANCED_FACE ( 'NONE', ( #2271 ), #1991, .F. ) ;
#385 = DIRECTION ( 'NONE',  ( 0.0000000000000000000, 0.0000000000000000000, 1.000000000000000000 ) ) ;
#386 = FACE_BOUND ( 'NONE', #2686, .T. ) ;
#387 = ORIENTED_EDGE ( 'NONE', *, *, #473, .T. ) ;
#388 = LINE ( 'NONE', #1866, #982 ) ;
#389 = CARTESIAN_POINT ( 'NONE',  ( -0.2499999999999951200, 0.0000000000000000000, 0.5499999999999963800 ) ) ;
#390 = PRESENTATION_STYLE_ASSIGNMENT (( #131 ) ) ;
#391 = AXIS2_PLACEMENT_3D ( 'NONE', #1361, #2294, #1100 ) ;
#392 = DIRECTION ( 'NONE',  ( -0.0000000000000000000, 1.000000000000000000, 0.0000000000000000000 ) ) ;
#393 = CARTESIAN_POINT ( 'NONE',  ( 0.2499999999999951200, 0.0000000000000000000, 0.5499999999999959400 ) ) ;
#394 = FACE_OUTER_BOUND ( 'NONE', #650, .T. ) ;
#395 = CARTESIAN_POINT ( 'NONE',  ( -0.7715829222936351200, 0.0000000000000000000, -0.5352507166477475900 ) ) ;
#396 = ORIENTED_EDGE ( 'NONE', *, *, #1367, .F. ) ;
#397 = CARTESIAN_POINT ( 'NONE',  ( -0.7499999999999951200, 0.02999999999999999900, -0.1499999999999963900 ) ) ;
#398 = ORIENTED_EDGE ( 'NONE', *, *, #2988, .T. ) ;
#399 = DIRECTION ( 'NONE',  ( -1.000000000000000000, 0.0000000000000000000, 2.227812683189392000E-016 ) ) ;
#400 = ORIENTED_EDGE ( 'NONE', *, *, #2080, .T. ) ;
#401 = DIRECTION ( 'NONE',  ( 0.0000000000000000000, 0.0000000000000000000, 1.000000000000000000 ) ) ;
#402 = EDGE_CURVE ( 'NONE', #2412, #923, #445, .T. ) ;
#403 = ORIENTED_EDGE ( 'NONE', *, *, #2278, .T. ) ;
#404 = EDGE_CURVE ( 'NONE', #1825, #354, #1022, .T. ) ;
#405 = VECTOR ( 'NONE', #2804, 1000.000000000000000 ) ;
#406 = CARTESIAN_POINT ( 'NONE',  ( 0.7500000000000052200, 0.2699999999999999600, -0.5500000000000032600 ) ) ;
#407 = CARTESIAN_POINT ( 'NONE',  ( 0.7300000000000052000, 0.2999999999999999300, 0.4299999999999962200 ) ) ;
#408 = ADVANCED_FACE ( 'NONE', ( #353 ), #1998, .F. ) ;
#409 = VECTOR ( 'NONE', #946, 1000.000000000000000 ) ;
#410 = LINE ( 'NONE', #1617, #2802 ) ;
#411 = DIRECTION ( 'NONE',  ( -0.0000000000000000000, 1.000000000000000000, -0.0000000000000000000 ) ) ;
#412 = CARTESIAN_POINT ( 'NONE',  ( 0.7357016169991783500, 0.02999999999999999900, -0.5705769147865064100 ) ) ;
#413 = DIRECTION ( 'NONE',  ( 0.0000000000000000000, 0.0000000000000000000, 1.000000000000000000 ) ) ;
#414 = EDGE_CURVE ( 'NONE', #765, #2183, #1576, .T. ) ;
#415 = CARTESIAN_POINT ( 'NONE',  ( 0.2499999999999951200, 0.02999999999999999900, 0.5499999999999959400 ) ) ;
#416 = DIRECTION ( 'NONE',  ( 0.0000000000000000000, 0.0000000000000000000, -1.000000000000000000 ) ) ;
#417 = ADVANCED_FACE ( 'NONE', ( #2844 ), #821, .F. ) ;
#418 = EDGE_CURVE ( 'NONE', #2123, #2280, #2746, .T. ) ;
#419 = DIRECTION ( 'NONE',  ( 0.0000000000000000000, 0.0000000000000000000, 1.000000000000000000 ) ) ;
#420 = ORIENTED_EDGE ( 'NONE', *, *, #3027, .F. ) ;
#421 = ORIENTED_EDGE ( 'NONE', *, *, #2278, .F. ) ;
#422 = DIRECTION ( 'NONE',  ( 0.0000000000000000000, -1.000000000000000000, 0.0000000000000000000 ) ) ;
#423 = DIRECTION ( 'NONE',  ( -0.0000000000000000000, 1.000000000000000000, -0.0000000000000000000 ) ) ;
#424 = CARTESIAN_POINT ( 'NONE',  ( 0.7500000000000052200, 0.2699999999999999600, -0.4500000000000032300 ) ) ;
#425 = ORIENTED_EDGE ( 'NONE', *, *, #223, .F. ) ;
#426 = ORIENTED_EDGE ( 'NONE', *, *, #115, .F. ) ;
#427 = ADVANCED_FACE ( 'NONE', ( #2146 ), #2968, .F. ) ;
#428 = DIRECTION ( 'NONE',  ( 0.0000000000000000000, 0.0000000000000000000, 1.000000000000000000 ) ) ;
#429 = CARTESIAN_POINT ( 'NONE',  ( 0.6300000000000051100, 0.2699999999999999600, 0.4299999999999962200 ) ) ;
#430 = DIRECTION ( 'NONE',  ( 0.7071067811865474600, 0.0000000000000000000, -0.7071067811865474600 ) ) ;
#431 = DIRECTION ( 'NONE',  ( -0.0000000000000000000, 1.000000000000000000, 0.0000000000000000000 ) ) ;
#432 = DIRECTION ( 'NONE',  ( 0.7808688094430443800, 0.0000000000000000000, 0.6246950475544066400 ) ) ;
#433 = DIRECTION ( 'NONE',  ( 0.0000000000000000000, 0.0000000000000000000, -1.000000000000000000 ) ) ;
#434 = VECTOR ( 'NONE', #2490, 1000.000000000000000 ) ;
#435 = DIRECTION ( 'NONE',  ( 0.0000000000000000000, -1.000000000000000000, 0.0000000000000000000 ) ) ;
#436 = CARTESIAN_POINT ( 'NONE',  ( -0.7299999999999952100, 0.2999999999999999300, -0.4300000000000029900 ) ) ;
#437 = LINE ( 'NONE', #624, #513 ) ;
#438 = ORIENTED_EDGE ( 'NONE', *, *, #245, .T. ) ;
#439 = CARTESIAN_POINT ( 'NONE',  ( -0.7499999999999951200, -0.0000000000000000000, -0.1499999999999963900 ) ) ;
#440 = CARTESIAN_POINT ( 'NONE',  ( 0.7357016169991782400, 0.0000000000000000000, 0.5705769147865064100 ) ) ;
#441 =( NAMED_UNIT ( * ) PLANE_ANGLE_UNIT ( ) SI_UNIT ( $, .RADIAN. ) );
#442 = PLANE ( 'NONE',  #2984 ) ;
#443 = CARTESIAN_POINT ( 'NONE',  ( -0.7999999999999951600, 0.0000000000000000000, -0.6000000000000033100 ) ) ;
#444 = EDGE_LOOP ( 'NONE', ( #2694, #1523, #1312, #1744 ) ) ;
#445 = LINE ( 'NONE', #325, #1654 ) ;
#446 = EDGE_LOOP ( 'NONE', ( #1564, #251, #3013, #267 ) ) ;
#447 = CARTESIAN_POINT ( 'NONE',  ( 0.2499999999999951200, 0.0000000000000000000, 0.5499999999999959400 ) ) ;
#448 = PLANE ( 'NONE',  #730 ) ;
#449 = DIRECTION ( 'NONE',  ( -0.0000000000000000000, 1.000000000000000000, -0.0000000000000000000 ) ) ;
#450 = CARTESIAN_POINT ( 'NONE',  ( 0.8000000000000049300, 0.0000000000000000000, -0.5292893218813488100 ) ) ;
#451 = VERTEX_POINT ( 'NONE', #2727 ) ;
#452 = VECTOR ( 'NONE', #2170, 1000.000000000000100 ) ;
#453 = LINE ( 'NONE', #1349, #2922 ) ;
#454 = VECTOR ( 'NONE', #1661, 1000.000000000000000 ) ;
#455 = ORIENTED_EDGE ( 'NONE', *, *, #1058, .F. ) ;
#456 = CARTESIAN_POINT ( 'NONE',  ( 0.7999999999999950500, 0.0000000000000000000, 0.5999999999999959800 ) ) ;
#457 = CARTESIAN_POINT ( 'NONE',  ( 0.8000000000000049300, 0.1200000000000000000, -0.5292893218813488100 ) ) ;
#458 = CARTESIAN_POINT ( 'NONE',  ( -0.3999999999999950800, 0.0000000000000000000, -0.5499999999999963800 ) ) ;
#459 = PLANE ( 'NONE',  #3129 ) ;
#460 = AXIS2_PLACEMENT_3D ( 'NONE', #2081, #629, #2316 ) ;
#461 = DIRECTION ( 'NONE',  ( 0.7071067811865474600, 0.0000000000000000000, -0.7071067811865474600 ) ) ;
#462 = PLANE ( 'NONE',  #925 ) ;
#463 = PLANE ( 'NONE',  #1054 ) ;
#464 = SURFACE_SIDE_STYLE ('',( #2492 ) ) ;
#465 = DIRECTION ( 'NONE',  ( -0.7808688094430406000, 0.0000000000000000000, -0.6246950475544114100 ) ) ;
#466 = ORIENTED_EDGE ( 'NONE', *, *, #2538, .F. ) ;
#467 = AXIS2_PLACEMENT_3D ( 'NONE', #809, #1553, #75 ) ;
#468 = CARTESIAN_POINT ( 'NONE',  ( -0.7299999999999951000, 0.2699999999999999600, 0.4299999999999963900 ) ) ;
#469 = EDGE_CURVE ( 'NONE', #527, #12, #1508, .T. ) ;
#470 = CARTESIAN_POINT ( 'NONE',  ( 0.7499999999999951200, 0.0000000000000000000, -0.1499999999999962800 ) ) ;
#471 = VERTEX_POINT ( 'NONE', #2098 ) ;
#472 = CARTESIAN_POINT ( 'NONE',  ( -0.7099804735160403200, 0.02999999999999999900, -0.5499999999999963800 ) ) ;
#473 = EDGE_CURVE ( 'NONE', #1011, #2208, #845, .T. ) ;
#474 = VECTOR ( 'NONE', #274, 1000.000000000000000 ) ;
#475 = ORIENTED_EDGE ( 'NONE', *, *, #311, .T. ) ;
#476 = CARTESIAN_POINT ( 'NONE',  ( -0.7499999999999951200, 0.0000000000000000000, -0.5179843788128317700 ) ) ;
#477 = LINE ( 'NONE', #2910, #1603 ) ;
#478 = CIRCLE ( 'NONE', #1859, 0.04578647998353156700 ) ;
#479 = LINE ( 'NONE', #2355, #1753 ) ;
#480 = EDGE_CURVE ( 'NONE', #2730, #1431, #220, .T. ) ;
#481 = CARTESIAN_POINT ( 'NONE',  ( 0.2499999999999951200, 0.02999999999999999900, 0.2999999999999962100 ) ) ;
#482 = EDGE_CURVE ( 'NONE', #706, #744, #289, .T. ) ;
#483 = EDGE_LOOP ( 'NONE', ( #2092, #1005, #1577, #1781 ) ) ;
#484 = LINE ( 'NONE', #672, #2307 ) ;
#485 = ORIENTED_EDGE ( 'NONE', *, *, #2854, .T. ) ;
#486 = EDGE_CURVE ( 'NONE', #744, #1931, #2684, .T. ) ;
#487 = ORIENTED_EDGE ( 'NONE', *, *, #978, .T. ) ;
#488 = DIRECTION ( 'NONE',  ( 0.0000000000000000000, 0.0000000000000000000, -1.000000000000000000 ) ) ;
#489 = CARTESIAN_POINT ( 'NONE',  ( -0.7499999999999951200, 0.02999999999999999900, -0.5179843788128317700 ) ) ;
#490 = ADVANCED_FACE ( 'NONE', ( #109 ), #3064, .F. ) ;
#491 = LINE ( 'NONE', #2851, #409 ) ;
#492 = FACE_OUTER_BOUND ( 'NONE', #304, .T. ) ;
#493 = DIRECTION ( 'NONE',  ( 0.0000000000000000000, 0.0000000000000000000, -1.000000000000000000 ) ) ;
#494 = DIRECTION ( 'NONE',  ( 0.7808688094430290500, -0.0000000000000000000, -0.6246950475544259500 ) ) ;
#495 = CARTESIAN_POINT ( 'NONE',  ( -0.7499999999999951200, 0.02999999999999999900, 0.1499999999999963900 ) ) ;
#496 = MECHANICAL_DESIGN_GEOMETRIC_PRESENTATION_REPRESENTATION (  '', ( #1 ), #635 ) ;
#497 = DIRECTION ( 'NONE',  ( -1.000000000000000000, 0.0000000000000000000, 0.0000000000000000000 ) ) ;
#498 = EDGE_LOOP ( 'NONE', ( #1847, #2729, #2685, #1690, #1722, #2311, #1795 ) ) ;
#499 = DIRECTION ( 'NONE',  ( 0.0000000000000000000, 0.0000000000000000000, 1.000000000000000000 ) ) ;
#500 = ORIENTED_EDGE ( 'NONE', *, *, #1120, .F. ) ;
#501 = DIRECTION ( 'NONE',  ( 0.0000000000000000000, 0.0000000000000000000, -1.000000000000000000 ) ) ;
#502 = ADVANCED_FACE ( 'NONE', ( #1974 ), #2127, .F. ) ;
#503 = ORIENTED_EDGE ( 'NONE', *, *, #1978, .F. ) ;
#504 = VERTEX_POINT ( 'NONE', #439 ) ;
#505 = ORIENTED_EDGE ( 'NONE', *, *, #1671, .T. ) ;
#506 = CARTESIAN_POINT ( 'NONE',  ( -0.7357016169991812400, 0.0000000000000000000, -0.5705769147865080700 ) ) ;
#507 = CARTESIAN_POINT ( 'NONE',  ( 0.0000000000000000000, 0.0000000000000000000, 0.0000000000000000000 ) ) ;
#508 = CARTESIAN_POINT ( 'NONE',  ( -0.7499999999999951200, 0.1200000000000000000, -0.5500000000000032600 ) ) ;
#509 = AXIS2_PLACEMENT_3D ( 'NONE', #184, #435, #2120 ) ;
#510 = DIRECTION ( 'NONE',  ( 0.0000000000000000000, -0.0000000000000000000, 1.000000000000000000 ) ) ;
#511 = EDGE_CURVE ( 'NONE', #536, #3014, #1327, .T. ) ;
#512 = EDGE_CURVE ( 'NONE', #2989, #1446, #44, .T. ) ;
#513 = VECTOR ( 'NONE', #2308, 1000.000000000000000 ) ;
#514 = AXIS2_PLACEMENT_3D ( 'NONE', #919, #1643, #193 ) ;
#515 = EDGE_LOOP ( 'NONE', ( #1135, #1403, #1975, #310 ) ) ;
#516 = CARTESIAN_POINT ( 'NONE',  ( -0.7999999999999951600, 0.0000000000000000000, -0.6000000000000033100 ) ) ;
#517 = SURFACE_STYLE_USAGE ( .BOTH. , #1958 ) ;
#518 = ADVANCED_FACE ( 'NONE', ( #1434 ), #2839, .F. ) ;
#519 = DIRECTION ( 'NONE',  ( -0.0000000000000000000, 1.000000000000000000, -0.0000000000000000000 ) ) ;
#520 = MECHANICAL_DESIGN_GEOMETRIC_PRESENTATION_REPRESENTATION (  '', ( #24 ), #667 ) ;
#521 = LINE ( 'NONE', #516, #1079 ) ;
#522 = EDGE_CURVE ( 'NONE', #1914, #2356, #1260, .T. ) ;
#523 = EDGE_LOOP ( 'NONE', ( #860, #1634, #853, #2087, #91, #2184, #2971, #2665 ) ) ;
#524 = VECTOR ( 'NONE', #2384, 1000.000000000000000 ) ;
#525 = VECTOR ( 'NONE', #1844, 1000.000000000000000 ) ;
#526 = ORIENTED_EDGE ( 'NONE', *, *, #564, .F. ) ;
#527 = VERTEX_POINT ( 'NONE', #825 ) ;
#528 = AXIS2_PLACEMENT_3D ( 'NONE', #2973, #2986, #2740 ) ;
#529 = ORIENTED_EDGE ( 'NONE', *, *, #2019, .F. ) ;
#530 = EDGE_CURVE ( 'NONE', #1552, #536, #3108, .T. ) ;
#531 = VERTEX_POINT ( 'NONE', #2485 ) ;
#532 = EDGE_CURVE ( 'NONE', #1090, #2678, #705, .T. ) ;
#533 = CARTESIAN_POINT ( 'NONE',  ( 0.2499999999999951200, 0.02999999999999999900, 0.5499999999999959400 ) ) ;
#534 = VECTOR ( 'NONE', #501, 1000.000000000000000 ) ;
#535 = LINE ( 'NONE', #2858, #3001 ) ;
#536 = VERTEX_POINT ( 'NONE', #833 ) ;
#537 = PLANE ( 'NONE',  #2254 ) ;
#538 = VECTOR ( 'NONE', #180, 1000.000000000000000 ) ;
#539 = ORIENTED_EDGE ( 'NONE', *, *, #832, .F. ) ;
#540 = VERTEX_POINT ( 'NONE', #345 ) ;
#541 = LINE ( 'NONE', #2498, #317 ) ;
#542 = AXIS2_PLACEMENT_3D ( 'NONE', #3043, #2333, #912 ) ;
#543 = CARTESIAN_POINT ( 'NONE',  ( -0.7999999999999951600, 0.1200000000000000000, -0.6000000000000033100 ) ) ;
#544 = ORIENTED_EDGE ( 'NONE', *, *, #2215, .T. ) ;
#545 = ORIENTED_EDGE ( 'NONE', *, *, #133, .T. ) ;
#546 = LINE ( 'NONE', #3080, #1760 ) ;
#547 = DIRECTION ( 'NONE',  ( 0.0000000000000000000, 1.000000000000000000, 0.0000000000000000000 ) ) ;
#548 = VERTEX_POINT ( 'NONE', #2267 ) ;
#549 = LINE ( 'NONE', #1885, #2401 ) ;
#550 = LINE ( 'NONE', #2864, #1056 ) ;
#551 = AXIS2_PLACEMENT_3D ( 'NONE', #2767, #1819, #381 ) ;
#552 = PLANE ( 'NONE',  #2745 ) ;
#553 = DIRECTION ( 'NONE',  ( -0.0000000000000000000, 1.000000000000000000, -0.0000000000000000000 ) ) ;
#554 = LINE ( 'NONE', #2410, #2302 ) ;
#555 = EDGE_CURVE ( 'NONE', #2989, #2646, #608, .T. ) ;
#556 = EDGE_CURVE ( 'NONE', #2362, #799, #1911, .T. ) ;
#557 = CARTESIAN_POINT ( 'NONE',  ( 0.6500000000000050200, 0.1200000000000000000, 0.5499999999999963800 ) ) ;
#558 = VERTEX_POINT ( 'NONE', #1573 ) ;
#559 = VERTEX_POINT ( 'NONE', #2035 ) ;
#560 = ORIENTED_EDGE ( 'NONE', *, *, #38, .F. ) ;
#561 = DIRECTION ( 'NONE',  ( 1.000000000000000000, 0.0000000000000000000, 0.0000000000000000000 ) ) ;
#562 = ORIENTED_EDGE ( 'NONE', *, *, #2486, .F. ) ;
#563 = CARTESIAN_POINT ( 'NONE',  ( -0.7357016169991825700, 0.0000000000000000000, -0.5705769147865087400 ) ) ;
#564 = EDGE_CURVE ( 'NONE', #1636, #383, #1111, .T. ) ;
#565 = EDGE_CURVE ( 'NONE', #2449, #1862, #1756, .T. ) ;
#566 = VECTOR ( 'NONE', #64, 1000.000000000000000 ) ;
#567 = CARTESIAN_POINT ( 'NONE',  ( -0.7715829222936326800, 0.0000000000000000000, 0.5352507166477418200 ) ) ;
#568 =( NAMED_UNIT ( * ) SI_UNIT ( $, .STERADIAN. ) SOLID_ANGLE_UNIT ( ) );
#569 = VECTOR ( 'NONE', #1800, 1000.000000000000000 ) ;
#570 = EDGE_LOOP ( 'NONE', ( #2913, #1299, #1768, #1736 ) ) ;
#571 = DIRECTION ( 'NONE',  ( -0.0000000000000000000, 1.000000000000000000, 0.0000000000000000000 ) ) ;
#572 = AXIS2_PLACEMENT_3D ( 'NONE', #3006, #129, #1818 ) ;
#573 = ORIENTED_EDGE ( 'NONE', *, *, #135, .F. ) ;
#574 = AXIS2_PLACEMENT_3D ( 'NONE', #3085, #215, #1896 ) ;
#575 = CARTESIAN_POINT ( 'NONE',  ( -0.6499999999999950300, 0.2699999999999999600, -0.5500000000000032600 ) ) ;
#576 = VECTOR ( 'NONE', #1943, 1000.000000000000000 ) ;
#577 = ORIENTED_EDGE ( 'NONE', *, *, #2070, .F. ) ;
#578 = CARTESIAN_POINT ( 'NONE',  ( 0.7099804735160403200, 0.02999999999999999900, 0.5499999999999959400 ) ) ;
#579 = FACE_OUTER_BOUND ( 'NONE', #259, .T. ) ;
#580 = VECTOR ( 'NONE', #3015, 1000.000000000000000 ) ;
#581 = ORIENTED_EDGE ( 'NONE', *, *, #2928, .F. ) ;
#582 = CARTESIAN_POINT ( 'NONE',  ( 0.7715829222936351200, 0.0000000000000000000, -0.5352507166477470400 ) ) ;
#583 = CARTESIAN_POINT ( 'NONE',  ( 0.2499999999999951200, 0.02999999999999999900, -0.5499999999999959400 ) ) ;
#584 = FACE_OUTER_BOUND ( 'NONE', #2094, .T. ) ;
#585 = DIRECTION ( 'NONE',  ( 0.7808688094430443800, 0.0000000000000000000, 0.6246950475544066400 ) ) ;
#586 = CARTESIAN_POINT ( 'NONE',  ( 0.7499999999999951200, 0.0000000000000000000, -0.1499999999999962800 ) ) ;
#587 = ORIENTED_EDGE ( 'NONE', *, *, #2597, .T. ) ;
#588 = CARTESIAN_POINT ( 'NONE',  ( 0.7357016169991782400, 0.02999999999999999900, 0.5705769147865064100 ) ) ;
#589 = ORIENTED_EDGE ( 'NONE', *, *, #1912, .T. ) ;
#590 = PRESENTATION_LAYER_ASSIGNMENT (  '', '', ( #1092 ) ) ;
#591 = CARTESIAN_POINT ( 'NONE',  ( 0.7500000000000052200, 0.2699999999999999600, 0.5499999999999963800 ) ) ;
#592 = ADVANCED_FACE ( 'NONE', ( #2940 ), #1045, .F. ) ;
#593 = DIRECTION ( 'NONE',  ( -0.0000000000000000000, 1.000000000000000000, 0.0000000000000000000 ) ) ;
#594 = EDGE_CURVE ( 'NONE', #2136, #322, #484, .T. ) ;
#595 = VECTOR ( 'NONE', #1223, 1000.000000000000000 ) ;
#596 = ORIENTED_EDGE ( 'NONE', *, *, #1656, .T. ) ;
#597 = CARTESIAN_POINT ( 'NONE',  ( 0.8000000000000049300, 0.0000000000000000000, -0.5292893218813488100 ) ) ;
#598 = FACE_OUTER_BOUND ( 'NONE', #1780, .T. ) ;
#599 = CARTESIAN_POINT ( 'NONE',  ( 0.7292893218813505400, 0.0000000000000000000, 0.5999999999999963100 ) ) ;
#600 = VERTEX_POINT ( 'NONE', #1077 ) ;
#601 = DIRECTION ( 'NONE',  ( 1.000000000000000000, 0.0000000000000000000, 0.0000000000000000000 ) ) ;
#602 = PLANE ( 'NONE',  #1134 ) ;
#603 = CIRCLE ( 'NONE', #1701, 0.09999999999999999200 ) ;
#604 = EDGE_CURVE ( 'NONE', #2208, #1476, #2885, .T. ) ;
#605 = ORIENTED_EDGE ( 'NONE', *, *, #2437, .F. ) ;
#606 = ORIENTED_EDGE ( 'NONE', *, *, #1377, .T. ) ;
#607 = DIRECTION ( 'NONE',  ( -0.7808688094430299400, 0.0000000000000000000, -0.6246950475544247300 ) ) ;
#608 = LINE ( 'NONE', #1308, #3011 ) ;
#609 = CARTESIAN_POINT ( 'NONE',  ( -0.7499999999999951200, 0.0000000000000000000, 0.1499999999999963900 ) ) ;
#610 = EDGE_LOOP ( 'NONE', ( #313, #3110, #329, #839 ) ) ;
#611 = ORIENTED_EDGE ( 'NONE', *, *, #2197, .F. ) ;
#612 = ADVANCED_FACE ( 'NONE', ( #1613 ), #2736, .T. ) ;
#613 = CARTESIAN_POINT ( 'NONE',  ( 0.7099804735160403200, 0.02999999999999999900, 0.5499999999999959400 ) ) ;
#614 = CARTESIAN_POINT ( 'NONE',  ( -0.7099804735160403200, 0.02999999999999999900, -0.5499999999999963800 ) ) ;
#615 = CIRCLE ( 'NONE', #2358, 0.04578647998353156700 ) ;
#616 = LINE ( 'NONE', #1794, #3115 ) ;
#617 = CARTESIAN_POINT ( 'NONE',  ( 0.6500000000000051300, 0.2699999999999999600, 0.4499999999999963500 ) ) ;
#618 = EDGE_LOOP ( 'NONE', ( #2560, #224, #2634, #1986 ) ) ;
#619 = LINE ( 'NONE', #1831, #3118 ) ;
#620 = EDGE_CURVE ( 'NONE', #2499, #114, #1700, .T. ) ;
#621 = DIRECTION ( 'NONE',  ( -0.0000000000000000000, -1.000000000000000000, -0.0000000000000000000 ) ) ;
#622 = VECTOR ( 'NONE', #432, 1000.000000000000000 ) ;
#623 = EDGE_CURVE ( 'NONE', #159, #1262, #541, .T. ) ;
#624 = CARTESIAN_POINT ( 'NONE',  ( 0.7357016169991894600, 0.0000000000000000000, -0.5705769147865114000 ) ) ;
#625 = VECTOR ( 'NONE', #2185, 1000.000000000000000 ) ;
#626 = EDGE_CURVE ( 'NONE', #2309, #871, #988, .T. ) ;
#627 = CARTESIAN_POINT ( 'NONE',  ( -0.7715829222936351200, 0.02999999999999999900, -0.5352507166477475900 ) ) ;
#628 = ADVANCED_FACE ( 'NONE', ( #394 ), #1579, .F. ) ;
#629 = DIRECTION ( 'NONE',  ( -0.0000000000000000000, 1.000000000000000000, -0.0000000000000000000 ) ) ;
#630 = ORIENTED_EDGE ( 'NONE', *, *, #556, .T. ) ;
#631 = ORIENTED_EDGE ( 'NONE', *, *, #3021, .F. ) ;
#632 = DIRECTION ( 'NONE',  ( 0.0000000000000000000, -0.0000000000000000000, 1.000000000000000000 ) ) ;
#633 = DIRECTION ( 'NONE',  ( -0.0000000000000000000, -1.000000000000000000, -0.0000000000000000000 ) ) ;
#634 = ADVANCED_FACE ( 'NONE', ( #2788 ), #2998, .F. ) ;
#635 =( GEOMETRIC_REPRESENTATION_CONTEXT ( 3 ) GLOBAL_UNCERTAINTY_ASSIGNED_CONTEXT ( ( #270 ) ) GLOBAL_UNIT_ASSIGNED_CONTEXT ( ( #1821, #382, #2068 ) ) REPRESENTATION_CONTEXT ( 'NONE', 'WORKASPACE' ) );
#636 = DIRECTION ( 'NONE',  ( 0.0000000000000000000, 1.000000000000000000, 0.0000000000000000000 ) ) ;
#637 = DIRECTION ( 'NONE',  ( -0.0000000000000000000, 1.000000000000000000, -0.0000000000000000000 ) ) ;
#638 = CIRCLE ( 'NONE', #2101, 0.07071067811865453000 ) ;
#639 = PLANE ( 'NONE',  #542 ) ;
#640 = CARTESIAN_POINT ( 'NONE',  ( 0.6500000000000050200, 0.2699999999999999600, 0.5499999999999963800 ) ) ;
#641 = LINE ( 'NONE', #3036, #569 ) ;
#642 = PLANE ( 'NONE',  #2312 ) ;
#643 = ADVANCED_FACE ( 'NONE', ( #892 ), #367, .F. ) ;
#644 = VERTEX_POINT ( 'NONE', #118 ) ;
#645 = DIRECTION ( 'NONE',  ( 0.0000000000000000000, 0.0000000000000000000, -1.000000000000000000 ) ) ;
#646 = DIRECTION ( 'NONE',  ( -0.0000000000000000000, 1.000000000000000000, -0.0000000000000000000 ) ) ;
#647 = EDGE_LOOP ( 'NONE', ( #2675, #2075, #398, #758 ) ) ;
#648 = AXIS2_PLACEMENT_3D ( 'NONE', #3073, #1881, #1406 ) ;
#649 = EDGE_CURVE ( 'NONE', #548, #1949, #1536, .T. ) ;
#650 = EDGE_LOOP ( 'NONE', ( #37, #2901, #611, #577, #2008, #2749, #2072, #1453 ) ) ;
#651 = CIRCLE ( 'NONE', #1676, 0.09999999999999999200 ) ;
#652 = DIRECTION ( 'NONE',  ( 0.0000000000000000000, -1.000000000000000000, 0.0000000000000000000 ) ) ;
#653 = EDGE_CURVE ( 'NONE', #1901, #1825, #2711, .T. ) ;
#654 = DIRECTION ( 'NONE',  ( 2.168404344971008900E-015, 0.0000000000000000000, 1.000000000000000000 ) ) ;
#655 = CARTESIAN_POINT ( 'NONE',  ( 0.7357016169991782400, 0.02999999999999999900, 0.5705769147865064100 ) ) ;
#656 = CARTESIAN_POINT ( 'NONE',  ( 0.7999999999999950500, 0.02999999999999999900, 0.5999999999999959800 ) ) ;
#657 = VECTOR ( 'NONE', #2165, 1000.000000000000000 ) ;
#658 = AXIS2_PLACEMENT_3D ( 'NONE', #456, #2140, #683 ) ;
#659 = LINE ( 'NONE', #2283, #23 ) ;
#660 = COLOUR_RGB ( '',1.000000000000000000, 1.000000000000000000, 1.000000000000000000 ) ;
#661 = CARTESIAN_POINT ( 'NONE',  ( 0.7999999999999950500, 0.02999999999999999900, -0.5999999999999959800 ) ) ;
#662 = ORIENTED_EDGE ( 'NONE', *, *, #1256, .T. ) ;
#663 = ORIENTED_EDGE ( 'NONE', *, *, #60, .F. ) ;
#664 = CARTESIAN_POINT ( 'NONE',  ( 0.8000000000000052600, 0.0000000000000000000, 0.5999999999999963100 ) ) ;
#665 = CARTESIAN_POINT ( 'NONE',  ( -0.2499999999999951200, 0.02999999999999999900, -0.3999999999999964100 ) ) ;
#666 = CARTESIAN_POINT ( 'NONE',  ( -0.3999999999999950800, 0.02999999999999999900, -0.5499999999999963800 ) ) ;
#667 =( GEOMETRIC_REPRESENTATION_CONTEXT ( 3 ) GLOBAL_UNCERTAINTY_ASSIGNED_CONTEXT ( ( #2809 ) ) GLOBAL_UNIT_ASSIGNED_CONTEXT ( ( #693, #2377, #962 ) ) REPRESENTATION_CONTEXT ( 'NONE', 'WORKASPACE' ) );
#668 = DIRECTION ( 'NONE',  ( -0.7808688094430299400, 0.0000000000000000000, 0.6246950475544247300 ) ) ;
#669 = EDGE_CURVE ( 'NONE', #1810, #1820, #2181, .T. ) ;
#670 = DIRECTION ( 'NONE',  ( 0.7808688094430299400, 0.0000000000000000000, -0.6246950475544247300 ) ) ;
#671 = FACE_OUTER_BOUND ( 'NONE', #51, .T. ) ;
#672 = CARTESIAN_POINT ( 'NONE',  ( -0.7999999999999951600, 0.0000000000000000000, -0.6000000000000033100 ) ) ;
#673 = CARTESIAN_POINT ( 'NONE',  ( -0.6499999999999950300, 0.1200000000000000000, -0.5500000000000032600 ) ) ;
#674 = CARTESIAN_POINT ( 'NONE',  ( 0.7999999999999950500, 0.02999999999999999900, 0.5999999999999959800 ) ) ;
#675 = CARTESIAN_POINT ( 'NONE',  ( 0.7499999999999951200, 0.0000000000000000000, -0.5179843788128313300 ) ) ;
#676 = DIRECTION ( 'NONE',  ( 1.000000000000000000, 0.0000000000000000000, 0.0000000000000000000 ) ) ;
#677 = CARTESIAN_POINT ( 'NONE',  ( 0.2499999999999951200, 0.02999999999999999900, -0.1499999999999962800 ) ) ;
#678 = FILL_AREA_STYLE_COLOUR ( '', #1247 ) ;
#679 = ORIENTED_EDGE ( 'NONE', *, *, #115, .T. ) ;
#680 = ORIENTED_EDGE ( 'NONE', *, *, #418, .T. ) ;
#681 = CARTESIAN_POINT ( 'NONE',  ( 0.7715829222936363400, 0.0000000000000000000, -0.5352507166477497000 ) ) ;
#682 = CARTESIAN_POINT ( 'NONE',  ( -0.2499999999999951200, 0.0000000000000000000, -0.1499999999999963900 ) ) ;
#683 = DIRECTION ( 'NONE',  ( 0.0000000000000000000, 0.0000000000000000000, -1.000000000000000000 ) ) ;
#684 = DIRECTION ( 'NONE',  ( -0.0000000000000000000, 0.0000000000000000000, 1.000000000000000000 ) ) ;
#685 = CARTESIAN_POINT ( 'NONE',  ( -0.3999999999999950800, 0.02999999999999999900, -0.5499999999999963800 ) ) ;
#686 = AXIS2_PLACEMENT_3D ( 'NONE', #1196, #2872, #1452 ) ;
#687 = SURFACE_SIDE_STYLE ('',( #3016 ) ) ;
#688 = PLANE ( 'NONE',  #323 ) ;
#689 = DIRECTION ( 'NONE',  ( 0.0000000000000000000, 0.0000000000000000000, 1.000000000000000000 ) ) ;
#690 = LINE ( 'NONE', #723, #1966 ) ;
#691 = CARTESIAN_POINT ( 'NONE',  ( -0.7499999999999951200, 0.1200000000000000000, -0.4500000000000032900 ) ) ;
#692 = ORIENTED_EDGE ( 'NONE', *, *, #2681, .F. ) ;
#693 =( LENGTH_UNIT ( ) NAMED_UNIT ( * ) SI_UNIT ( .MILLI., .METRE. ) );
#694 = CARTESIAN_POINT ( 'NONE',  ( 0.6300000000000051100, 0.2999999999999999300, -0.5300000000000032500 ) ) ;
#695 = LINE ( 'NONE', #966, #1104 ) ;
#696 = EDGE_CURVE ( 'NONE', #2306, #1636, #810, .T. ) ;
#697 = ORIENTED_EDGE ( 'NONE', *, *, #1982, .T. ) ;
#698 = DIRECTION ( 'NONE',  ( 0.0000000000000000000, 1.000000000000000000, 0.0000000000000000000 ) ) ;
#699 = DIRECTION ( 'NONE',  ( -1.000000000000000000, 0.0000000000000000000, 0.0000000000000000000 ) ) ;
#700 = FACE_OUTER_BOUND ( 'NONE', #2060, .T. ) ;
#701 = EDGE_CURVE ( 'NONE', #3072, #995, #161, .T. ) ;
#702 = DIRECTION ( 'NONE',  ( -0.0000000000000000000, 1.000000000000000000, -0.0000000000000000000 ) ) ;
#703 = DIRECTION ( 'NONE',  ( 0.0000000000000000000, 0.0000000000000000000, -1.000000000000000000 ) ) ;
#704 = CLOSED_SHELL ( 'NONE', ( #15, #2898, #1600, #2036, #739, #1232, #427, #1814, #996 ) ) ;
#705 = LINE ( 'NONE', #582, #1204 ) ;
#706 = VERTEX_POINT ( 'NONE', #2071 ) ;
#707 = EDGE_LOOP ( 'NONE', ( #2743, #2125, #1468, #485, #176, #697, #1226, #2116 ) ) ;
#708 = DIRECTION ( 'NONE',  ( 0.7071067811865475700, 0.0000000000000000000, 0.7071067811865475700 ) ) ;
#709 = AXIS2_PLACEMENT_3D ( 'NONE', #754, #2667, #1239 ) ;
#710 = ORIENTED_EDGE ( 'NONE', *, *, #137, .F. ) ;
#711 = VERTEX_POINT ( 'NONE', #876 ) ;
#712 = VECTOR ( 'NONE', #2129, 1000.000000000000000 ) ;
#713 = ORIENTED_EDGE ( 'NONE', *, *, #469, .T. ) ;
#714 = VECTOR ( 'NONE', #2775, 1000.000000000000000 ) ;
#715 = VECTOR ( 'NONE', #2104, 1000.000000000000000 ) ;
#716 = LINE ( 'NONE', #1884, #1883 ) ;
#717 = DIRECTION ( 'NONE',  ( 0.0000000000000000000, 0.0000000000000000000, -1.000000000000000000 ) ) ;
#718 = AXIS2_PLACEMENT_3D ( 'NONE', #247, #493, #2179 ) ;
#719 = EDGE_LOOP ( 'NONE', ( #2508, #3042, #2670, #2614, #1602, #2906, #403, #2374 ) ) ;
#720 = PRESENTATION_LAYER_ASSIGNMENT (  '', '', ( #380 ) ) ;
#721 = CARTESIAN_POINT ( 'NONE',  ( 0.7715829222936351200, 0.02999999999999999900, -0.5352507166477470400 ) ) ;
#722 = VECTOR ( 'NONE', #1537, 1000.000000000000000 ) ;
#723 = CARTESIAN_POINT ( 'NONE',  ( 0.7300000000000052000, 0.2999999999999999300, -0.4300000000000032700 ) ) ;
#724 = DIRECTION ( 'NONE',  ( 0.0000000000000000000, -1.000000000000000000, 0.0000000000000000000 ) ) ;
#725 = AXIS2_PLACEMENT_3D ( 'NONE', #157, #1848, #413 ) ;
#726 = DIRECTION ( 'NONE',  ( -0.0000000000000000000, -1.000000000000000000, -0.0000000000000000000 ) ) ;
#727 = UNCERTAINTY_MEASURE_WITH_UNIT (LENGTH_MEASURE( 1.000000000000000100E-005 ), #2420, 'distance_accuracy_value', 'NONE');
#728 = ORIENTED_EDGE ( 'NONE', *, *, #2232, .F. ) ;
#729 = CARTESIAN_POINT ( 'NONE',  ( 0.7499999999999951200, 0.02999999999999999900, -0.5179843788128313300 ) ) ;
#730 = AXIS2_PLACEMENT_3D ( 'NONE', #945, #1421, #3086 ) ;
#731 = CARTESIAN_POINT ( 'NONE',  ( -0.7715829222936326800, 0.02999999999999999900, 0.5352507166477418200 ) ) ;
#732 = ORIENTED_EDGE ( 'NONE', *, *, #2963, .T. ) ;
#733 = EDGE_CURVE ( 'NONE', #34, #820, #2006, .T. ) ;
#734 = ORIENTED_EDGE ( 'NONE', *, *, #2881, .F. ) ;
#735 = EDGE_CURVE ( 'NONE', #2581, #2731, #2705, .T. ) ;
#736 = DIRECTION ( 'NONE',  ( 0.0000000000000000000, -1.000000000000000000, -0.0000000000000000000 ) ) ;
#737 = FACE_OUTER_BOUND ( 'NONE', #764, .T. ) ;
#738 = LINE ( 'NONE', #415, #1366 ) ;
#739 = ADVANCED_FACE ( 'NONE', ( #883 ), #152, .F. ) ;
#740 = PLANE ( 'NONE',  #2027 ) ;
#741 = CIRCLE ( 'NONE', #1003, 0.07071067811865473800 ) ;
#742 = DIRECTION ( 'NONE',  ( -1.000000000000000000, 0.0000000000000000000, 0.0000000000000000000 ) ) ;
#743 = EDGE_CURVE ( 'NONE', #811, #1346, #2083, .T. ) ;
#744 = VERTEX_POINT ( 'NONE', #2793 ) ;
#745 = CARTESIAN_POINT ( 'NONE',  ( 0.3999999999999950800, 0.0000000000000000000, 0.1499999999999962800 ) ) ;
#746 = ORIENTED_EDGE ( 'NONE', *, *, #469, .F. ) ;
#747 = ORIENTED_EDGE ( 'NONE', *, *, #311, .F. ) ;
#748 = EDGE_CURVE ( 'NONE', #2683, #1090, #804, .T. ) ;
#749 = VERTEX_POINT ( 'NONE', #1851 ) ;
#750 = ORIENTED_EDGE ( 'NONE', *, *, #1384, .F. ) ;
#751 = FACE_OUTER_BOUND ( 'NONE', #291, .T. ) ;
#752 = CIRCLE ( 'NONE', #9, 0.07071067811865462700 ) ;
#753 = CARTESIAN_POINT ( 'NONE',  ( -0.2499999999999951200, 0.02999999999999999900, 0.5499999999999963800 ) ) ;
#754 = CARTESIAN_POINT ( 'NONE',  ( -0.7299999999999952100, 0.2999999999999999300, -0.5300000000000029100 ) ) ;
#755 = FACE_OUTER_BOUND ( 'NONE', #1514, .T. ) ;
#756 = LINE ( 'NONE', #655, #2016 ) ;
#757 = CARTESIAN_POINT ( 'NONE',  ( -0.7715829222936326800, 0.02999999999999999900, 0.5352507166477418200 ) ) ;
#758 = ORIENTED_EDGE ( 'NONE', *, *, #2295, .F. ) ;
#759 = EDGE_LOOP ( 'NONE', ( #1529, #2824, #2794, #2927 ) ) ;
#760 = ADVANCED_FACE ( 'NONE', ( #1997 ), #69, .T. ) ;
#761 = AXIS2_PLACEMENT_3D ( 'NONE', #1710, #256, #1936 ) ;
#762 =( NAMED_UNIT ( * ) PLANE_ANGLE_UNIT ( ) SI_UNIT ( $, .RADIAN. ) );
#763 = ORIENTED_EDGE ( 'NONE', *, *, #1032, .F. ) ;
#764 = EDGE_LOOP ( 'NONE', ( #1637, #1621, #466, #2611 ) ) ;
#765 = VERTEX_POINT ( 'NONE', #867 ) ;
#766 = ORIENTED_EDGE ( 'NONE', *, *, #2500, .T. ) ;
#767 = VECTOR ( 'NONE', #233, 1000.000000000000000 ) ;
#768 = ORIENTED_EDGE ( 'NONE', *, *, #1713, .F. ) ;
#769 = VECTOR ( 'NONE', #668, 1000.000000000000000 ) ;
#770 = AXIS2_PLACEMENT_3D ( 'NONE', #2095, #637, #2324 ) ;
#771 = ORIENTED_EDGE ( 'NONE', *, *, #1762, .T. ) ;
#772 = VECTOR ( 'NONE', #2100, 1000.000000000000000 ) ;
#773 = ORIENTED_EDGE ( 'NONE', *, *, #1018, .T. ) ;
#774 = VECTOR ( 'NONE', #652, 1000.000000000000000 ) ;
#775 = EDGE_CURVE ( 'NONE', #1258, #908, #738, .T. ) ;
#776 = VERTEX_POINT ( 'NONE', #1136 ) ;
#777 = ORIENTED_EDGE ( 'NONE', *, *, #967, .F. ) ;
#778 = VERTEX_POINT ( 'NONE', #563 ) ;
#779 = ORIENTED_EDGE ( 'NONE', *, *, #343, .T. ) ;
#780 = LINE ( 'NONE', #163, #1979 ) ;
#781 = LINE ( 'NONE', #1310, #1918 ) ;
#782 = CARTESIAN_POINT ( 'NONE',  ( -0.6499999999999951400, 0.1200000000000000000, -0.4500000000000032900 ) ) ;
#783 = ORIENTED_EDGE ( 'NONE', *, *, #1555, .T. ) ;
#784 = EDGE_CURVE ( 'NONE', #352, #991, #2552, .T. ) ;
#785 = VECTOR ( 'NONE', #2502, 1000.000000000000000 ) ;
#786 = CIRCLE ( 'NONE', #1525, 0.04578647998353156700 ) ;
#787 = VECTOR ( 'NONE', #676, 1000.000000000000000 ) ;
#788 = ORIENTED_EDGE ( 'NONE', *, *, #336, .F. ) ;
#789 = DIRECTION ( 'NONE',  ( -1.000000000000000000, 0.0000000000000000000, 0.0000000000000000000 ) ) ;
#790 = LINE ( 'NONE', #2951, #2534 ) ;
#791 = MANIFOLD_SOLID_BREP ( 'Boss-Extrude4[3]', #2442 ) ;
#792 = DIRECTION ( 'NONE',  ( 0.0000000000000000000, 0.0000000000000000000, 1.000000000000000000 ) ) ;
#793 = EDGE_CURVE ( 'NONE', #2730, #2600, #1728, .T. ) ;
#794 = EDGE_CURVE ( 'NONE', #2467, #1346, #2339, .T. ) ;
#795 = ORIENTED_EDGE ( 'NONE', *, *, #2195, .F. ) ;
#796 = DIRECTION ( 'NONE',  ( -0.7808688094430299400, -0.0000000000000000000, -0.6246950475544247300 ) ) ;
#797 = EDGE_CURVE ( 'NONE', #923, #1262, #2967, .T. ) ;
#798 = CARTESIAN_POINT ( 'NONE',  ( 0.7500000000000052200, 0.1200000000000000000, 0.4499999999999963500 ) ) ;
#799 = VERTEX_POINT ( 'NONE', #88 ) ;
#800 = ORIENTED_EDGE ( 'NONE', *, *, #486, .T. ) ;
#801 = DIRECTION ( 'NONE',  ( 0.0000000000000000000, -1.000000000000000000, 0.0000000000000000000 ) ) ;
#802 = DIRECTION ( 'NONE',  ( -0.0000000000000000000, -1.000000000000000000, -0.0000000000000000000 ) ) ;
#803 = VECTOR ( 'NONE', #192, 1000.000000000000000 ) ;
#804 = CIRCLE ( 'NONE', #770, 0.07071067811864541200 ) ;
#805 = ORIENTED_EDGE ( 'NONE', *, *, #1170, .F. ) ;
#806 = DIRECTION ( 'NONE',  ( -0.0000000000000000000, 1.000000000000000000, -0.0000000000000000000 ) ) ;
#807 = DIRECTION ( 'NONE',  ( 9.035018104045873200E-017, 0.0000000000000000000, 1.000000000000000000 ) ) ;
#808 = ORIENTED_EDGE ( 'NONE', *, *, #2963, .F. ) ;
#809 = CARTESIAN_POINT ( 'NONE',  ( 0.3999999999999950800, 0.02999999999999999900, 0.1499999999999962800 ) ) ;
#810 = LINE ( 'NONE', #586, #2651 ) ;
#811 = VERTEX_POINT ( 'NONE', #1562 ) ;
#812 = ORIENTED_EDGE ( 'NONE', *, *, #404, .F. ) ;
#813 = ORIENTED_EDGE ( 'NONE', *, *, #626, .T. ) ;
#814 = UNCERTAINTY_MEASURE_WITH_UNIT (LENGTH_MEASURE( 1.000000000000000100E-005 ), #333, 'distance_accuracy_value', 'NONE');
#815 = FACE_OUTER_BOUND ( 'NONE', #974, .T. ) ;
#816 = LINE ( 'NONE', #2109, #1480 ) ;
#817 = FACE_OUTER_BOUND ( 'NONE', #618, .T. ) ;
#818 = LINE ( 'NONE', #181, #1390 ) ;
#819 = VERTEX_POINT ( 'NONE', #2021 ) ;
#820 = VERTEX_POINT ( 'NONE', #341 ) ;
#821 = PLANE ( 'NONE',  #2816 ) ;
#822 = DIRECTION ( 'NONE',  ( -0.0000000000000000000, -1.000000000000000000, -0.0000000000000000000 ) ) ;
#823 = EDGE_CURVE ( 'NONE', #2513, #187, #2831, .T. ) ;
#824 = EDGE_CURVE ( 'NONE', #290, #749, #344, .T. ) ;
#825 = CARTESIAN_POINT ( 'NONE',  ( 0.7499999999999951200, 0.0000000000000000000, 0.1499999999999962800 ) ) ;
#826 = AXIS2_PLACEMENT_3D ( 'NONE', #1875, #1398, #2354 ) ;
#827 = ORIENTED_EDGE ( 'NONE', *, *, #2233, .F. ) ;
#828 = ORIENTED_EDGE ( 'NONE', *, *, #2004, .F. ) ;
#829 = EDGE_LOOP ( 'NONE', ( #773, #1963, #1172, #3, #1009, #1117, #2557, #1584 ) ) ;
#830 = ORIENTED_EDGE ( 'NONE', *, *, #2473, .T. ) ;
#831 = ORIENTED_EDGE ( 'NONE', *, *, #3112, .F. ) ;
#832 = EDGE_CURVE ( 'NONE', #952, #3125, #1015, .T. ) ;
#833 = CARTESIAN_POINT ( 'NONE',  ( -0.2499999999999951200, 0.02999999999999999900, -0.1499999999999963900 ) ) ;
#834 = PLANE ( 'NONE',  #2338 ) ;
#835 = DIRECTION ( 'NONE',  ( -1.000000000000000000, 0.0000000000000000000, 0.0000000000000000000 ) ) ;
#836 = AXIS2_PLACEMENT_3D ( 'NONE', #507, #2672, #1246 ) ;
#837 = VECTOR ( 'NONE', #1789, 1000.000000000000000 ) ;
#838 = VECTOR ( 'NONE', #2555, 1000.000000000000000 ) ;
#839 = ORIENTED_EDGE ( 'NONE', *, *, #511, .T. ) ;
#840 = ADVANCED_FACE ( 'NONE', ( #2263 ), #350, .F. ) ;
#841 = AXIS2_PLACEMENT_3D ( 'NONE', #1430, #3096, #1677 ) ;
#842 = CLOSED_SHELL ( 'NONE', ( #3127, #634, #1463, #903, #592, #1008, #891, #1856, #372 ) ) ;
#843 = FILL_AREA_STYLE_COLOUR ( '', #2457 ) ;
#844 = CARTESIAN_POINT ( 'NONE',  ( 0.2499999999999951200, 0.02999999999999999900, -0.5499999999999959400 ) ) ;
#845 = CIRCLE ( 'NONE', #2965, 0.07071067811865453000 ) ;
#846 = DIRECTION ( 'NONE',  ( 0.0000000000000000000, 0.0000000000000000000, 1.000000000000000000 ) ) ;
#847 = ORIENTED_EDGE ( 'NONE', *, *, #775, .T. ) ;
#848 = EDGE_LOOP ( 'NONE', ( #1021, #2955 ) ) ;
#849 = EDGE_CURVE ( 'NONE', #2183, #559, #2737, .T. ) ;
#850 = DIRECTION ( 'NONE',  ( 0.0000000000000000000, -1.000000000000000000, 0.0000000000000000000 ) ) ;
#851 = FACE_OUTER_BOUND ( 'NONE', #277, .T. ) ;
#852 = FACE_OUTER_BOUND ( 'NONE', #76, .T. ) ;
#853 = ORIENTED_EDGE ( 'NONE', *, *, #735, .F. ) ;
#854 = ORIENTED_EDGE ( 'NONE', *, *, #1518, .F. ) ;
#855 = EDGE_CURVE ( 'NONE', #1578, #2164, #1567, .T. ) ;
#856 = FACE_OUTER_BOUND ( 'NONE', #1496, .T. ) ;
#857 = VECTOR ( 'NONE', #2132, 1000.000000000000000 ) ;
#858 = CARTESIAN_POINT ( 'NONE',  ( -0.5440438072099596000, 0.2999999999999999300, 0.3675632725617106200 ) ) ;
#859 = DIRECTION ( 'NONE',  ( -0.0000000000000000000, 1.000000000000000000, -0.0000000000000000000 ) ) ;
#860 = ORIENTED_EDGE ( 'NONE', *, *, #2827, .F. ) ;
#861 = PLANE ( 'NONE',  #572 ) ;
#862 = CARTESIAN_POINT ( 'NONE',  ( 0.7715829222936363400, 0.02999999999999999900, -0.5352507166477497000 ) ) ;
#863 = DIRECTION ( 'NONE',  ( 0.0000000000000000000, 0.0000000000000000000, -1.000000000000000000 ) ) ;
#864 = VECTOR ( 'NONE', #1522, 1000.000000000000000 ) ;
#865 = ADVANCED_FACE ( 'NONE', ( #2133 ), #947, .F. ) ;
#866 = CARTESIAN_POINT ( 'NONE',  ( -0.7499999999999951200, 0.02999999999999999900, -0.5179843788128317700 ) ) ;
#867 = CARTESIAN_POINT ( 'NONE',  ( -0.7715829222936326800, 0.0000000000000000000, 0.5352507166477418200 ) ) ;
#868 = CARTESIAN_POINT ( 'NONE',  ( -0.7499999999999951200, 0.0000000000000000000, -0.1499999999999963900 ) ) ;
#869 = DIRECTION ( 'NONE',  ( -0.0000000000000000000, 1.000000000000000000, -0.0000000000000000000 ) ) ;
#870 = CARTESIAN_POINT ( 'NONE',  ( -0.7999999999999950500, 0.0000000000000000000, -0.5999999999999963100 ) ) ;
#871 = VERTEX_POINT ( 'NONE', #1672 ) ;
#872 = CARTESIAN_POINT ( 'NONE',  ( -0.7715829222936326800, 0.0000000000000000000, 0.5352507166477418200 ) ) ;
#873 = MECHANICAL_DESIGN_GEOMETRIC_PRESENTATION_REPRESENTATION (  '', ( #380 ), #1042 ) ;
#874 = CARTESIAN_POINT ( 'NONE',  ( 0.7499999999999951200, 0.02999999999999999900, 0.1499999999999962800 ) ) ;
#875 = DIRECTION ( 'NONE',  ( 1.000000000000000000, -0.0000000000000000000, 0.0000000000000000000 ) ) ;
#876 = CARTESIAN_POINT ( 'NONE',  ( 0.7099804735160403200, 0.02999999999999999900, -0.5499999999999959400 ) ) ;
#877 = EDGE_LOOP ( 'NONE', ( #218, #1799, #373, #1909, #2733, #1822, #2003 ) ) ;
#878 = ORIENTED_EDGE ( 'NONE', *, *, #1853, .F. ) ;
#879 = DIRECTION ( 'NONE',  ( -0.0000000000000000000, -1.000000000000000000, -0.0000000000000000000 ) ) ;
#880 = ADVANCED_FACE ( 'NONE', ( #1503 ), #964, .F. ) ;
#881 = AXIS2_PLACEMENT_3D ( 'NONE', #130, #2532, #1113 ) ;
#882 = LINE ( 'NONE', #682, #2082 ) ;
#883 = FACE_OUTER_BOUND ( 'NONE', #3040, .T. ) ;
#884 = PLANE ( 'NONE',  #2959 ) ;
#885 = VERTEX_POINT ( 'NONE', #694 ) ;
#886 = DIRECTION ( 'NONE',  ( -0.7808688094429636600, 0.0000000000000000000, -0.6246950475545075500 ) ) ;
#887 = STYLED_ITEM ( 'NONE', ( #2523 ), #2626 ) ;
#888 = DIRECTION ( 'NONE',  ( 0.0000000000000000000, 0.0000000000000000000, -1.000000000000000000 ) ) ;
#889 = EDGE_CURVE ( 'NONE', #3103, #1422, #2677, .T. ) ;
#890 = EDGE_CURVE ( 'NONE', #2671, #540, #208, .T. ) ;
#891 = ADVANCED_FACE ( 'NONE', ( #1419 ), #2385, .F. ) ;
#892 = FACE_OUTER_BOUND ( 'NONE', #2268, .T. ) ;
#893 = VERTEX_POINT ( 'NONE', #1681 ) ;
#894 = ORIENTED_EDGE ( 'NONE', *, *, #1306, .F. ) ;
#895 = DIRECTION ( 'NONE',  ( -1.000000000000000000, -0.0000000000000000000, -0.0000000000000000000 ) ) ;
#896 = CARTESIAN_POINT ( 'NONE',  ( -0.7999999999999950500, 0.0000000000000000000, 0.5292893218813417000 ) ) ;
#897 = ORIENTED_EDGE ( 'NONE', *, *, #1556, .T. ) ;
#898 = ORIENTED_EDGE ( 'NONE', *, *, #1930, .T. ) ;
#899 = DIRECTION ( 'NONE',  ( 1.000000000000000000, 0.0000000000000000000, 0.0000000000000000000 ) ) ;
#900 = CARTESIAN_POINT ( 'NONE',  ( 0.7499999999999951200, 0.0000000000000000000, 0.1499999999999962800 ) ) ;
#901 = LINE ( 'NONE', #2163, #2189 ) ;
#902 = LINE ( 'NONE', #1358, #405 ) ;
#903 = ADVANCED_FACE ( 'NONE', ( #1315 ), #1201, .F. ) ;
#904 = LINE ( 'NONE', #1785, #2015 ) ;
#905 = EDGE_CURVE ( 'NONE', #1845, #2171, #690, .T. ) ;
#906 = CARTESIAN_POINT ( 'NONE',  ( -0.6299999999999951200, 0.2999999999999999300, -0.4300000000000029900 ) ) ;
#907 = LINE ( 'NONE', #508, #2722 ) ;
#908 = VERTEX_POINT ( 'NONE', #481 ) ;
#909 = EDGE_LOOP ( 'NONE', ( #1227, #287, #2735, #981, #1114, #1484, #1321 ) ) ;
#910 = DIRECTION ( 'NONE',  ( 1.000000000000000000, 0.0000000000000000000, -7.426042277297974100E-017 ) ) ;
#911 = EDGE_CURVE ( 'NONE', #1038, #1578, #2503, .T. ) ;
#912 = DIRECTION ( 'NONE',  ( 0.7808688094430299400, 0.0000000000000000000, -0.6246950475544247300 ) ) ;
#913 = DIRECTION ( 'NONE',  ( 0.7808688094429836500, 0.0000000000000000000, 0.6246950475544825700 ) ) ;
#914 = CARTESIAN_POINT ( 'NONE',  ( -0.2499999999999951200, 0.0000000000000000000, -0.1499999999999963900 ) ) ;
#915 = DIRECTION ( 'NONE',  ( 1.022832238193872700E-016, 0.0000000000000000000, 1.000000000000000000 ) ) ;
#916 = CARTESIAN_POINT ( 'NONE',  ( -0.7499999999999951200, 0.02999999999999999900, -0.5179843788128317700 ) ) ;
#917 = ORIENTED_EDGE ( 'NONE', *, *, #2328, .T. ) ;
#918 = VERTEX_POINT ( 'NONE', #2874 ) ;
#919 = CARTESIAN_POINT ( 'NONE',  ( -0.7299999999999951000, 0.2999999999999999300, 0.5299999999999962500 ) ) ;
#920 = CARTESIAN_POINT ( 'NONE',  ( 0.7357016169991813500, 0.0000000000000000000, 0.5705769147865076300 ) ) ;
#921 = ORIENTED_EDGE ( 'NONE', *, *, #16, .T. ) ;
#922 = AXIS2_PLACEMENT_3D ( 'NONE', #617, #379, #2766 ) ;
#923 = VERTEX_POINT ( 'NONE', #979 ) ;
#924 = DIRECTION ( 'NONE',  ( -0.0000000000000000000, -1.000000000000000000, -0.0000000000000000000 ) ) ;
#925 = AXIS2_PLACEMENT_3D ( 'NONE', #2847, #960, #2607 ) ;
#926 = CARTESIAN_POINT ( 'NONE',  ( 0.7499999999999951200, 0.0000000000000000000, 0.1499999999999962800 ) ) ;
#927 = DIRECTION ( 'NONE',  ( -0.0000000000000000000, 1.000000000000000000, -0.0000000000000000000 ) ) ;
#928 = ORIENTED_EDGE ( 'NONE', *, *, #2207, .F. ) ;
#929 = ADVANCED_FACE ( 'NONE', ( #36 ), #2632, .F. ) ;
#930 = UNCERTAINTY_MEASURE_WITH_UNIT (LENGTH_MEASURE( 1.000000000000000100E-005 ), #953, 'distance_accuracy_value', 'NONE');
#931 = DIRECTION ( 'NONE',  ( 0.0000000000000000000, 1.000000000000000000, 0.0000000000000000000 ) ) ;
#932 = DIRECTION ( 'NONE',  ( 0.0000000000000000000, 0.0000000000000000000, 1.000000000000000000 ) ) ;
#933 = DIRECTION ( 'NONE',  ( 0.0000000000000000000, -1.000000000000000000, 0.0000000000000000000 ) ) ;
#934 = DIRECTION ( 'NONE',  ( 0.7071067811865474600, 0.0000000000000000000, 0.7071067811865474600 ) ) ;
#935 = PLANE ( 'NONE',  #1341 ) ;
#936 = VECTOR ( 'NONE', #1303, 1000.000000000000000 ) ;
#937 = CARTESIAN_POINT ( 'NONE',  ( 0.2499999999999951200, 0.0000000000000000000, -0.5499999999999959400 ) ) ;
#938 = CARTESIAN_POINT ( 'NONE',  ( 0.7499999999999951200, 0.0000000000000000000, -0.1499999999999962800 ) ) ;
#939 = CARTESIAN_POINT ( 'NONE',  ( -0.2499999999999951200, -0.0000000000000000000, -0.1499999999999963900 ) ) ;
#940 = CYLINDRICAL_SURFACE ( 'NONE', #391, 0.09999999999999999200 ) ;
#941 = CARTESIAN_POINT ( 'NONE',  ( -0.2499999999999951200, 0.0000000000000000000, -0.1499999999999963900 ) ) ;
#942 = EDGE_LOOP ( 'NONE', ( #1325, #1895, #1248, #1540, #1245, #3005, #1064 ) ) ;
#943 = CARTESIAN_POINT ( 'NONE',  ( -0.6499999999999950300, 0.2699999999999999600, -0.5500000000000032600 ) ) ;
#944 = CARTESIAN_POINT ( 'NONE',  ( -0.7499999999999951200, 0.02999999999999999900, 0.1499999999999963900 ) ) ;
#945 = CARTESIAN_POINT ( 'NONE',  ( 0.7099804735160403200, 0.0000000000000000000, 0.5499999999999959400 ) ) ;
#946 = DIRECTION ( 'NONE',  ( -0.0000000000000000000, 1.000000000000000000, -0.0000000000000000000 ) ) ;
#947 = PLANE ( 'NONE',  #2382 ) ;
#948 = ORIENTED_EDGE ( 'NONE', *, *, #1542, .T. ) ;
#949 = VECTOR ( 'NONE', #2558, 1000.000000000000000 ) ;
#950 = ORIENTED_EDGE ( 'NONE', *, *, #1456, .T. ) ;
#951 = DIRECTION ( 'NONE',  ( -0.0000000000000000000, 1.000000000000000000, -0.0000000000000000000 ) ) ;
#952 = VERTEX_POINT ( 'NONE', #994 ) ;
#953 =( LENGTH_UNIT ( ) NAMED_UNIT ( * ) SI_UNIT ( .MILLI., .METRE. ) );
#954 = DIRECTION ( 'NONE',  ( 1.000000000000000000, 0.0000000000000000000, 0.0000000000000000000 ) ) ;
#955 = LINE ( 'NONE', #896, #1442 ) ;
#956 = AXIS2_PLACEMENT_3D ( 'NONE', #1837, #3025, #401 ) ;
#957 = FACE_OUTER_BOUND ( 'NONE', #2628, .T. ) ;
#958 = DIRECTION ( 'NONE',  ( 0.0000000000000000000, 1.000000000000000000, 0.0000000000000000000 ) ) ;
#959 = EDGE_LOOP ( 'NONE', ( #948, #526, #1282, #338 ) ) ;
#960 = DIRECTION ( 'NONE',  ( 1.000000000000000000, 0.0000000000000000000, 0.0000000000000000000 ) ) ;
#961 = ORIENTED_EDGE ( 'NONE', *, *, #2536, .F. ) ;
#962 =( NAMED_UNIT ( * ) SI_UNIT ( $, .STERADIAN. ) SOLID_ANGLE_UNIT ( ) );
#963 = LINE ( 'NONE', #362, #231 ) ;
#964 = PLANE ( 'NONE',  #2693 ) ;
#965 = EDGE_LOOP ( 'NONE', ( #1657, #573, #768, #2023 ) ) ;
#966 = CARTESIAN_POINT ( 'NONE',  ( 0.7357016169991803500, 0.0000000000000000000, 0.5705769147865071800 ) ) ;
#967 = EDGE_CURVE ( 'NONE', #354, #1011, #2599, .T. ) ;
#968 = CIRCLE ( 'NONE', #1791, 0.07071067811865473800 ) ;
#969 = PRODUCT_DEFINITION_CONTEXT ( 'detailed design', #29, 'design' ) ;
#970 = CARTESIAN_POINT ( 'NONE',  ( 0.2499999999999951200, 0.0000000000000000000, -0.5499999999999959400 ) ) ;
#971 = CARTESIAN_POINT ( 'NONE',  ( 0.7500000000000052200, 0.2699999999999999600, 0.4499999999999963500 ) ) ;
#972 = EDGE_CURVE ( 'NONE', #165, #3106, #1900, .T. ) ;
#973 = DIRECTION ( 'NONE',  ( -1.000000000000000000, 0.0000000000000000000, 0.0000000000000000000 ) ) ;
#974 = EDGE_LOOP ( 'NONE', ( #1492, #2524, #154, #47 ) ) ;
#975 = DIRECTION ( 'NONE',  ( -0.0000000000000000000, 1.000000000000000000, -0.0000000000000000000 ) ) ;
#976 = DIRECTION ( 'NONE',  ( -1.000000000000000000, 0.0000000000000000000, 0.0000000000000000000 ) ) ;
#977 = ORIENTED_EDGE ( 'NONE', *, *, #849, .T. ) ;
#978 = EDGE_CURVE ( 'NONE', #383, #2398, #1252, .T. ) ;
#979 = CARTESIAN_POINT ( 'NONE',  ( -0.3999999999999950800, 0.02999999999999999900, -0.5499999999999963800 ) ) ;
#980 = LINE ( 'NONE', #283, #2780 ) ;
#981 = ORIENTED_EDGE ( 'NONE', *, *, #1058, .T. ) ;
#982 = VECTOR ( 'NONE', #1142, 1000.000000000000100 ) ;
#983 = SURFACE_STYLE_FILL_AREA ( #3007 ) ;
#984 = EDGE_CURVE ( 'NONE', #339, #1250, #3097, .T. ) ;
#985 = EDGE_LOOP ( 'NONE', ( #2674, #813, #242, #1202, #1745, #117, #1841, #1087 ) ) ;
#986 = CARTESIAN_POINT ( 'NONE',  ( 0.7499999999999951200, 0.02999999999999999900, -0.5179843788128313300 ) ) ;
#987 = DIRECTION ( 'NONE',  ( 1.000000000000000000, 0.0000000000000000000, 0.0000000000000000000 ) ) ;
#988 = CIRCLE ( 'NONE', #2269, 0.09999999999999999200 ) ;
#989 = VERTEX_POINT ( 'NONE', #1938 ) ;
#990 = DIRECTION ( 'NONE',  ( -0.0000000000000000000, -1.000000000000000000, -0.0000000000000000000 ) ) ;
#991 = VERTEX_POINT ( 'NONE', #745 ) ;
#992 = DIRECTION ( 'NONE',  ( -0.6246950475544247300, 0.0000000000000000000, -0.7808688094430299400 ) ) ;
#993 = ORIENTED_EDGE ( 'NONE', *, *, #669, .F. ) ;
#994 = CARTESIAN_POINT ( 'NONE',  ( 0.2499999999999951200, 0.0000000000000000000, -0.5499999999999959400 ) ) ;
#995 = VERTEX_POINT ( 'NONE', #2656 ) ;
#996 = ADVANCED_FACE ( 'NONE', ( #2999 ), #2417, .F. ) ;
#997 = CYLINDRICAL_SURFACE ( 'NONE', #2322, 0.04578647998353156700 ) ;
#998 = CIRCLE ( 'NONE', #1877, 0.09999999999999999200 ) ;
#999 = LINE ( 'NONE', #2548, #328 ) ;
#1000 = DIRECTION ( 'NONE',  ( -0.0000000000000000000, -1.000000000000000000, -0.0000000000000000000 ) ) ;
#1001 = ORIENTED_EDGE ( 'NONE', *, *, #135, .T. ) ;
#1002 = CARTESIAN_POINT ( 'NONE',  ( 0.7099804735160403200, 0.0000000000000000000, -0.5499999999999959400 ) ) ;
#1003 = AXIS2_PLACEMENT_3D ( 'NONE', #1850, #1583, #103 ) ;
#1004 = CARTESIAN_POINT ( 'NONE',  ( 0.7715829222936351200, 0.0000000000000000000, -0.5352507166477470400 ) ) ;
#1005 = ORIENTED_EDGE ( 'NONE', *, *, #511, .F. ) ;
#1006 = ORIENTED_EDGE ( 'NONE', *, *, #1444, .F. ) ;
#1007 = CARTESIAN_POINT ( 'NONE',  ( 0.3999999999999950800, 0.02999999999999999900, 0.1499999999999962800 ) ) ;
#1008 = ADVANCED_FACE ( 'NONE', ( #1749 ), #1725, .F. ) ;
#1009 = ORIENTED_EDGE ( 'NONE', *, *, #179, .T. ) ;
#1010 = CARTESIAN_POINT ( 'NONE',  ( 0.7499999999999951200, 0.02999999999999999900, 0.5179843788128313300 ) ) ;
#1011 = VERTEX_POINT ( 'NONE', #1948 ) ;
#1012 = EDGE_CURVE ( 'NONE', #2731, #1019, #1193, .T. ) ;
#1013 = CARTESIAN_POINT ( 'NONE',  ( -0.7357016169991782400, 0.02999999999999999900, 0.5705769147865067400 ) ) ;
#1014 = EDGE_CURVE ( 'NONE', #1534, #1874, #1101, .T. ) ;
#1015 = LINE ( 'NONE', #1568, #936 ) ;
#1016 = FACE_OUTER_BOUND ( 'NONE', #19, .T. ) ;
#1017 = EDGE_LOOP ( 'NONE', ( #1738, #1683, #2917, #1131 ) ) ;
#1018 = EDGE_CURVE ( 'NONE', #2240, #2029, #2441, .T. ) ;
#1019 = VERTEX_POINT ( 'NONE', #2539 ) ;
#1020 = PRODUCT_DEFINITION ( 'UNKNOWN', '', #1176, #969 ) ;
#1021 = ORIENTED_EDGE ( 'NONE', *, *, #2627, .F. ) ;
#1022 = CIRCLE ( 'NONE', #2925, 0.07071067811865462700 ) ;
#1023 = ORIENTED_EDGE ( 'NONE', *, *, #482, .F. ) ;
#1024 = PRESENTATION_STYLE_ASSIGNMENT (( #517 ) ) ;
#1025 = EDGE_LOOP ( 'NONE', ( #2010, #2836, #318, #2954, #2919, #17, #1977 ) ) ;
#1026 = CIRCLE ( 'NONE', #761, 0.09999999999999999200 ) ;
#1027 = LINE ( 'NONE', #412, #2857 ) ;
#1028 = LINE ( 'NONE', #944, #1295 ) ;
#1029 = ORIENTED_EDGE ( 'NONE', *, *, #1384, .T. ) ;
#1030 = ORIENTED_EDGE ( 'NONE', *, *, #2769, .F. ) ;
#1031 = VECTOR ( 'NONE', #300, 1000.000000000000000 ) ;
#1032 = EDGE_CURVE ( 'NONE', #364, #2581, #1472, .T. ) ;
#1033 = ORIENTED_EDGE ( 'NONE', *, *, #3101, .F. ) ;
#1034 = EDGE_CURVE ( 'NONE', #2257, #34, #786, .T. ) ;
#1035 = ORIENTED_EDGE ( 'NONE', *, *, #2299, .T. ) ;
#1036 = DIRECTION ( 'NONE',  ( 0.0000000000000000000, 0.0000000000000000000, 1.000000000000000000 ) ) ;
#1037 = AXIS2_PLACEMENT_3D ( 'NONE', #2825, #1397, #3063 ) ;
#1038 = VERTEX_POINT ( 'NONE', #2086 ) ;
#1039 = VECTOR ( 'NONE', #742, 1000.000000000000000 ) ;
#1040 = AXIS2_PLACEMENT_3D ( 'NONE', #2904, #1483, #14 ) ;
#1041 = CIRCLE ( 'NONE', #2203, 0.07071067811864541200 ) ;
#1042 =( GEOMETRIC_REPRESENTATION_CONTEXT ( 3 ) GLOBAL_UNCERTAINTY_ASSIGNED_CONTEXT ( ( #2915 ) ) GLOBAL_UNIT_ASSIGNED_CONTEXT ( ( #1878, #441, #2128 ) ) REPRESENTATION_CONTEXT ( 'NONE', 'WORKASPACE' ) );
#1043 = CARTESIAN_POINT ( 'NONE',  ( 0.7715829222936326800, 0.0000000000000000000, -0.5352507166477413800 ) ) ;
#1044 = VECTOR ( 'NONE', #2053, 1000.000000000000100 ) ;
#1045 = CYLINDRICAL_SURFACE ( 'NONE', #1960, 0.07071067811864541200 ) ;
#1046 = CARTESIAN_POINT ( 'NONE',  ( -0.3999999999999950800, 0.02999999999999999900, -0.5499999999999963800 ) ) ;
#1047 = ORIENTED_EDGE ( 'NONE', *, *, #27, .F. ) ;
#1048 = CARTESIAN_POINT ( 'NONE',  ( 0.6300000000000051100, 0.2999999999999999300, 0.4299999999999962200 ) ) ;
#1049 = VERTEX_POINT ( 'NONE', #407 ) ;
#1050 = ORIENTED_EDGE ( 'NONE', *, *, #1809, .F. ) ;
#1051 = CIRCLE ( 'NONE', #1711, 0.04578647998353156700 ) ;
#1052 = CARTESIAN_POINT ( 'NONE',  ( -0.7499999999999951200, 0.0000000000000000000, 0.5179843788128317700 ) ) ;
#1053 = CARTESIAN_POINT ( 'NONE',  ( 0.2499999999999951200, 0.0000000000000000000, -0.5499999999999959400 ) ) ;
#1054 = AXIS2_PLACEMENT_3D ( 'NONE', #216, #2134, #2148 ) ;
#1055 = VECTOR ( 'NONE', #807, 1000.000000000000000 ) ;
#1056 = VECTOR ( 'NONE', #2200, 1000.000000000000000 ) ;
#1057 = EDGE_CURVE ( 'NONE', #322, #3106, #2623, .T. ) ;
#1058 = EDGE_CURVE ( 'NONE', #3125, #2683, #124, .T. ) ;
#1059 = CARTESIAN_POINT ( 'NONE',  ( -0.5440438072099596000, 0.2899999999999998700, 0.4133497525452422000 ) ) ;
#1060 = CARTESIAN_POINT ( 'NONE',  ( -0.7292893218813403200, 0.0000000000000000000, 0.5999999999999963100 ) ) ;
#1061 = ORIENTED_EDGE ( 'NONE', *, *, #2167, .T. ) ;
#1062 = EDGE_CURVE ( 'NONE', #1759, #322, #1449, .T. ) ;
#1063 = ORIENTED_EDGE ( 'NONE', *, *, #1190, .T. ) ;
#1064 = ORIENTED_EDGE ( 'NONE', *, *, #1194, .T. ) ;
#1065 = EDGE_CURVE ( 'NONE', #1933, #1572, #1344, .T. ) ;
#1066 = ORIENTED_EDGE ( 'NONE', *, *, #1464, .F. ) ;
#1067 = DIRECTION ( 'NONE',  ( -0.0000000000000000000, 1.000000000000000000, -0.0000000000000000000 ) ) ;
#1068 = DIRECTION ( 'NONE',  ( -0.7071067811865474600, 0.0000000000000000000, -0.7071067811865474600 ) ) ;
#1069 = CARTESIAN_POINT ( 'NONE',  ( 0.2499999999999951200, 0.0000000000000000000, -0.5499999999999959400 ) ) ;
#1070 = VECTOR ( 'NONE', #2481, 1000.000000000000000 ) ;
#1071 = AXIS2_PLACEMENT_3D ( 'NONE', #1337, #2065, #1351 ) ;
#1072 = AXIS2_PLACEMENT_3D ( 'NONE', #1454, #3109, #1689 ) ;
#1073 = FACE_OUTER_BOUND ( 'NONE', #1017, .T. ) ;
#1074 = DIRECTION ( 'NONE',  ( -0.6246950475544259500, 0.0000000000000000000, -0.7808688094430290500 ) ) ;
#1075 = EDGE_LOOP ( 'NONE', ( #2221, #1524, #2226, #299, #1063, #2756, #2702, #2673 ) ) ;
#1076 = CARTESIAN_POINT ( 'NONE',  ( 0.2499999999999951200, 0.0000000000000000000, 0.5499999999999959400 ) ) ;
#1077 = CARTESIAN_POINT ( 'NONE',  ( 0.7499999999999951200, 0.02999999999999999900, -0.5179843788128313300 ) ) ;
#1078 = VERTEX_POINT ( 'NONE', #3053 ) ;
#1079 = VECTOR ( 'NONE', #1526, 1000.000000000000000 ) ;
#1080 = ORIENTED_EDGE ( 'NONE', *, *, #1968, .T. ) ;
#1081 = ORIENTED_EDGE ( 'NONE', *, *, #1740, .T. ) ;
#1082 = DIRECTION ( 'NONE',  ( 1.000000000000000000, 0.0000000000000000000, 0.0000000000000000000 ) ) ;
#1083 = CARTESIAN_POINT ( 'NONE',  ( -0.7099804735160403200, 0.0000000000000000000, -0.5499999999999963800 ) ) ;
#1084 = LINE ( 'NONE', #721, #1663 ) ;
#1085 = LINE ( 'NONE', #2541, #1664 ) ;
#1086 = VECTOR ( 'NONE', #2588, 1000.000000000000000 ) ;
#1087 = ORIENTED_EDGE ( 'NONE', *, *, #1685, .T. ) ;
#1088 = CARTESIAN_POINT ( 'NONE',  ( -0.6299999999999951200, 0.2999999999999999300, -0.4300000000000029900 ) ) ;
#1089 = DIRECTION ( 'NONE',  ( -0.0000000000000000000, 1.000000000000000000, -0.0000000000000000000 ) ) ;
#1090 = VERTEX_POINT ( 'NONE', #2550 ) ;
#1091 = CARTESIAN_POINT ( 'NONE',  ( 0.7499999999999951200, 0.0000000000000000000, 0.5179843788128313300 ) ) ;
#1092 = STYLED_ITEM ( 'NONE', ( #1940 ), #791 ) ;
#1093 = CARTESIAN_POINT ( 'NONE',  ( -0.7099804735160403200, 0.0000000000000000000, -0.5499999999999963800 ) ) ;
#1094 = CARTESIAN_POINT ( 'NONE',  ( 0.7715829222936326800, 0.02999999999999999900, 0.5352507166477413800 ) ) ;
#1095 = ORIENTED_EDGE ( 'NONE', *, *, #258, .T. ) ;
#1096 = EDGE_CURVE ( 'NONE', #1956, #644, #53, .T. ) ;
#1097 = CARTESIAN_POINT ( 'NONE',  ( 0.7999999999999950500, 0.02999999999999999900, 0.5999999999999959800 ) ) ;
#1098 = ADVANCED_FACE ( 'NONE', ( #2528 ), #642, .F. ) ;
#1099 = DIRECTION ( 'NONE',  ( 0.0000000000000000000, 0.0000000000000000000, 1.000000000000000000 ) ) ;
#1100 = DIRECTION ( 'NONE',  ( 0.0000000000000000000, 0.0000000000000000000, -1.000000000000000000 ) ) ;
#1101 = LINE ( 'NONE', #2425, #2383 ) ;
#1102 = ORIENTED_EDGE ( 'NONE', *, *, #1545, .F. ) ;
#1103 = EDGE_CURVE ( 'NONE', #644, #1990, #3119, .T. ) ;
#1104 = VECTOR ( 'NONE', #1929, 1000.000000000000000 ) ;
#1105 = ORIENTED_EDGE ( 'NONE', *, *, #263, .F. ) ;
#1106 = PLANE ( 'NONE',  #1775 ) ;
#1107 = VECTOR ( 'NONE', #1876, 1000.000000000000000 ) ;
#1108 = DIRECTION ( 'NONE',  ( 1.000000000000000000, 0.0000000000000000000, -0.0000000000000000000 ) ) ;
#1109 = ORIENTED_EDGE ( 'NONE', *, *, #1456, .F. ) ;
#1110 = DIRECTION ( 'NONE',  ( 0.0000000000000000000, -0.0000000000000000000, -1.000000000000000000 ) ) ;
#1111 = LINE ( 'NONE', #2281, #2392 ) ;
#1112 = PLANE ( 'NONE',  #1071 ) ;
#1113 = DIRECTION ( 'NONE',  ( 0.0000000000000000000, -0.0000000000000000000, 1.000000000000000000 ) ) ;
#1114 = ORIENTED_EDGE ( 'NONE', *, *, #748, .T. ) ;
#1115 = ADVANCED_FACE ( 'NONE', ( #1828 ), #3026, .F. ) ;
#1116 = EDGE_CURVE ( 'NONE', #1078, #196, #2461, .T. ) ;
#1117 = ORIENTED_EDGE ( 'NONE', *, *, #1887, .F. ) ;
#1118 = COLOUR_RGB ( '',0.5019607843137254800, 0.5019607843137254800, 1.000000000000000000 ) ;
#1119 = CARTESIAN_POINT ( 'NONE',  ( -0.7999999999999951600, 0.1200000000000000000, -0.5292893218813485800 ) ) ;
#1120 = EDGE_CURVE ( 'NONE', #2678, #2306, #1271, .T. ) ;
#1121 = VECTOR ( 'NONE', #2595, 1000.000000000000000 ) ;
#1122 = LINE ( 'NONE', #753, #2317 ) ;
#1123 = DIRECTION ( 'NONE',  ( 0.0000000000000000000, 0.0000000000000000000, 1.000000000000000000 ) ) ;
#1124 = CARTESIAN_POINT ( 'NONE',  ( 0.2499999999999951200, 0.0000000000000000000, -0.1499999999999962800 ) ) ;
#1125 = DIRECTION ( 'NONE',  ( 1.000000000000000000, 0.0000000000000000000, 0.0000000000000000000 ) ) ;
#1126 = CARTESIAN_POINT ( 'NONE',  ( 0.7499999999999951200, 0.0000000000000000000, -0.5179843788128313300 ) ) ;
#1127 = CARTESIAN_POINT ( 'NONE',  ( -0.7999999999999950500, 0.02999999999999999900, 0.5999999999999963100 ) ) ;
#1128 = CARTESIAN_POINT ( 'NONE',  ( -0.5440438072099596000, 0.2899999999999998700, 0.3675632725617106200 ) ) ;
#1129 = ORIENTED_EDGE ( 'NONE', *, *, #1792, .F. ) ;
#1130 = ADVANCED_FACE ( 'NONE', ( #2402 ), #1662, .F. ) ;
#1131 = ORIENTED_EDGE ( 'NONE', *, *, #2699, .T. ) ;
#1132 = CARTESIAN_POINT ( 'NONE',  ( 0.7357016169991894600, 0.0000000000000000000, -0.5705769147865114000 ) ) ;
#1133 = ORIENTED_EDGE ( 'NONE', *, *, #63, .F. ) ;
#1134 = AXIS2_PLACEMENT_3D ( 'NONE', #113, #875, #2533 ) ;
#1135 = ORIENTED_EDGE ( 'NONE', *, *, #1571, .T. ) ;
#1136 = CARTESIAN_POINT ( 'NONE',  ( 0.7357016169991894600, 0.02999999999999999900, -0.5705769147865114000 ) ) ;
#1137 = ADVANCED_FACE ( 'NONE', ( #2948 ), #459, .F. ) ;
#1138 = CARTESIAN_POINT ( 'NONE',  ( 0.7357016169991782400, 0.02999999999999999900, 0.5705769147865064100 ) ) ;
#1139 = CARTESIAN_POINT ( 'NONE',  ( 0.2499999999999951200, 0.02999999999999999900, 0.5499999999999959400 ) ) ;
#1140 = PLANE ( 'NONE',  #2494 ) ;
#1141 = CARTESIAN_POINT ( 'NONE',  ( -0.7999999999999951600, 0.0000000000000000000, -0.6000000000000033100 ) ) ;
#1142 = DIRECTION ( 'NONE',  ( -0.7808688094429636600, 0.0000000000000000000, -0.6246950475545075500 ) ) ;
#1143 = VECTOR ( 'NONE', #2250, 1000.000000000000100 ) ;
#1144 = CARTESIAN_POINT ( 'NONE',  ( -0.7499999999999951200, 0.0000000000000000000, -0.1499999999999963900 ) ) ;
#1145 = CARTESIAN_POINT ( 'NONE',  ( 0.7099804735160403200, 0.02999999999999999900, 0.5499999999999959400 ) ) ;
#1146 = DIRECTION ( 'NONE',  ( -1.000000000000000000, 0.0000000000000000000, 0.0000000000000000000 ) ) ;
#1147 = VECTOR ( 'NONE', #122, 1000.000000000000000 ) ;
#1148 = ADVANCED_FACE ( 'NONE', ( #492 ), #688, .F. ) ;
#1149 = VERTEX_POINT ( 'NONE', #2604 ) ;
#1150 = EDGE_CURVE ( 'NONE', #1769, #1886, #550, .T. ) ;
#1151 = PLANE ( 'NONE',  #1709 ) ;
#1152 = PLANE ( 'NONE',  #1037 ) ;
#1153 = EDGE_CURVE ( 'NONE', #1720, #2671, #1122, .T. ) ;
#1154 = CARTESIAN_POINT ( 'NONE',  ( -0.7499999999999951200, 0.02999999999999999900, -0.1499999999999963900 ) ) ;
#1155 = ORIENTED_EDGE ( 'NONE', *, *, #1014, .F. ) ;
#1156 = FILL_AREA_STYLE_COLOUR ( '', #660 ) ;
#1157 = CARTESIAN_POINT ( 'NONE',  ( 0.7500000000000052200, 0.1200000000000000000, 0.5499999999999963800 ) ) ;
#1158 = DIRECTION ( 'NONE',  ( -0.0000000000000000000, 1.000000000000000000, 0.0000000000000000000 ) ) ;
#1159 = AXIS2_PLACEMENT_3D ( 'NONE', #1565, #89, #1784 ) ;
#1160 = LINE ( 'NONE', #58, #1735 ) ;
#1161 = CARTESIAN_POINT ( 'NONE',  ( 0.7500000000000052200, 0.2699999999999999600, 0.5499999999999963800 ) ) ;
#1162 = VERTEX_POINT ( 'NONE', #1010 ) ;
#1163 = DIRECTION ( 'NONE',  ( 1.000000000000000000, 0.0000000000000000000, 0.0000000000000000000 ) ) ;
#1164 = CARTESIAN_POINT ( 'NONE',  ( -0.7499999999999951200, 0.02999999999999999900, 0.5179843788128317700 ) ) ;
#1165 = PLANE ( 'NONE',  #2970 ) ;
#1166 = LINE ( 'NONE', #1920, #452 ) ;
#1167 = LINE ( 'NONE', #1606, #580 ) ;
#1168 = AXIS2_PLACEMENT_3D ( 'NONE', #1188, #3100, #1680 ) ;
#1169 = CARTESIAN_POINT ( 'NONE',  ( 0.7099804735160403200, 0.02999999999999999900, -0.5499999999999959400 ) ) ;
#1170 = EDGE_CURVE ( 'NONE', #1412, #558, #2253, .T. ) ;
#1171 = DIRECTION ( 'NONE',  ( -1.000000000000000000, 0.0000000000000000000, -0.0000000000000000000 ) ) ;
#1172 = ORIENTED_EDGE ( 'NONE', *, *, #1747, .T. ) ;
#1173 = DIRECTION ( 'NONE',  ( -2.710505431213762100E-016, -0.0000000000000000000, -1.000000000000000000 ) ) ;
#1174 = DIRECTION ( 'NONE',  ( 0.0000000000000000000, -0.0000000000000000000, -1.000000000000000000 ) ) ;
#1175 = DIRECTION ( 'NONE',  ( 0.0000000000000000000, 0.0000000000000000000, -1.000000000000000000 ) ) ;
#1176 = PRODUCT_DEFINITION_FORMATION_WITH_SPECIFIED_SOURCE ( 'ANY', '', #1440, .NOT_KNOWN. ) ;
#1177 = DIRECTION ( 'NONE',  ( 0.0000000000000000000, 1.000000000000000000, 0.0000000000000000000 ) ) ;
#1178 = CARTESIAN_POINT ( 'NONE',  ( 0.2499999999999951200, 0.0000000000000000000, 0.2999999999999962100 ) ) ;
#1179 = CARTESIAN_POINT ( 'NONE',  ( -0.2499999999999951200, 0.0000000000000000000, 0.5499999999999963800 ) ) ;
#1180 = ORIENTED_EDGE ( 'NONE', *, *, #2630, .F. ) ;
#1181 = DIRECTION ( 'NONE',  ( 0.0000000000000000000, -1.000000000000000000, 0.0000000000000000000 ) ) ;
#1182 = CARTESIAN_POINT ( 'NONE',  ( 0.7715829222936344500, 0.02999999999999999900, 0.5352507166477453700 ) ) ;
#1183 = DIRECTION ( 'NONE',  ( 0.7071067811865474600, 0.0000000000000000000, 0.7071067811865474600 ) ) ;
#1184 =( NAMED_UNIT ( * ) SI_UNIT ( $, .STERADIAN. ) SOLID_ANGLE_UNIT ( ) );
#1185 = ORIENTED_EDGE ( 'NONE', *, *, #556, .F. ) ;
#1186 = DIRECTION ( 'NONE',  ( 1.000000000000000000, 0.0000000000000000000, 0.0000000000000000000 ) ) ;
#1187 = DIRECTION ( 'NONE',  ( 0.0000000000000000000, 0.0000000000000000000, 1.000000000000000000 ) ) ;
#1188 = CARTESIAN_POINT ( 'NONE',  ( 0.7300000000000052000, 0.2999999999999999300, 0.5299999999999961400 ) ) ;
#1189 = DIRECTION ( 'NONE',  ( 0.0000000000000000000, 0.0000000000000000000, -1.000000000000000000 ) ) ;
#1190 = EDGE_CURVE ( 'NONE', #706, #2292, #2896, .T. ) ;
#1191 = CARTESIAN_POINT ( 'NONE',  ( 0.7292893218813504300, 0.0000000000000000000, -0.6000000000000033100 ) ) ;
#1192 = CARTESIAN_POINT ( 'NONE',  ( -0.2499999999999951200, 0.02999999999999999900, -0.3999999999999964100 ) ) ;
#1193 = LINE ( 'NONE', #757, #474 ) ;
#1194 = EDGE_CURVE ( 'NONE', #1973, #1632, #410, .T. ) ;
#1195 = CARTESIAN_POINT ( 'NONE',  ( -0.2499999999999951200, 0.02999999999999999900, 0.5499999999999963800 ) ) ;
#1196 = CARTESIAN_POINT ( 'NONE',  ( -0.6299999999999950100, 0.2699999999999999600, 0.4299999999999963300 ) ) ;
#1197 = VECTOR ( 'NONE', #1181, 1000.000000000000000 ) ;
#1198 = ORIENTED_EDGE ( 'NONE', *, *, #1853, .T. ) ;
#1199 = DIRECTION ( 'NONE',  ( 0.7808688094430290500, 0.0000000000000000000, 0.6246950475544259500 ) ) ;
#1200 = LINE ( 'NONE', #3049, #538 ) ;
#1201 = PLANE ( 'NONE',  #237 ) ;
#1202 = ORIENTED_EDGE ( 'NONE', *, *, #2655, .T. ) ;
#1203 = EDGE_LOOP ( 'NONE', ( #1372, #365, #2124, #2716 ) ) ;
#1204 = VECTOR ( 'NONE', #2493, 1000.000000000000000 ) ;
#1205 = ORIENTED_EDGE ( 'NONE', *, *, #1326, .F. ) ;
#1206 = ORIENTED_EDGE ( 'NONE', *, *, #2151, .T. ) ;
#1207 = DIRECTION ( 'NONE',  ( 0.6246950475545076700, 0.0000000000000000000, -0.7808688094429637700 ) ) ;
#1208 = PRESENTATION_STYLE_ASSIGNMENT (( #2373 ) ) ;
#1209 = AXIS2_PLACEMENT_3D ( 'NONE', #3032, #1618, #150 ) ;
#1210 = ORIENTED_EDGE ( 'NONE', *, *, #905, .F. ) ;
#1211 = DIRECTION ( 'NONE',  ( 0.7071067811865474600, 0.0000000000000000000, 0.7071067811865474600 ) ) ;
#1212 = LINE ( 'NONE', #666, #3023 ) ;
#1213 = VECTOR ( 'NONE', #1175, 1000.000000000000000 ) ;
#1214 = VECTOR ( 'NONE', #494, 1000.000000000000100 ) ;
#1215 = CARTESIAN_POINT ( 'NONE',  ( 0.2499999999999951200, 0.0000000000000000000, 0.5499999999999959400 ) ) ;
#1216 = ADVANCED_FACE ( 'NONE', ( #2194 ), #148, .F. ) ;
#1217 = CARTESIAN_POINT ( 'NONE',  ( -0.2499999999999951200, 0.0000000000000000000, 0.1499999999999963900 ) ) ;
#1218 = PRESENTATION_LAYER_ASSIGNMENT (  '', '', ( #887 ) ) ;
#1219 = ORIENTED_EDGE ( 'NONE', *, *, #414, .F. ) ;
#1220 = CARTESIAN_POINT ( 'NONE',  ( 0.7357016169991782400, 0.0000000000000000000, 0.5705769147865064100 ) ) ;
#1221 = ORIENTED_EDGE ( 'NONE', *, *, #1594, .F. ) ;
#1222 = EDGE_CURVE ( 'NONE', #536, #1678, #999, .T. ) ;
#1223 = DIRECTION ( 'NONE',  ( -0.0000000000000000000, -1.000000000000000000, -0.0000000000000000000 ) ) ;
#1224 = ORIENTED_EDGE ( 'NONE', *, *, #1233, .T. ) ;
#1225 = EDGE_CURVE ( 'NONE', #2792, #2939, #907, .T. ) ;
#1226 = ORIENTED_EDGE ( 'NONE', *, *, #530, .T. ) ;
#1227 = ORIENTED_EDGE ( 'NONE', *, *, #696, .T. ) ;
#1228 = DIRECTION ( 'NONE',  ( 1.000000000000000000, 0.0000000000000000000, -0.0000000000000000000 ) ) ;
#1229 = DIRECTION ( 'NONE',  ( 0.0000000000000000000, -0.0000000000000000000, -1.000000000000000000 ) ) ;
#1230 = EDGE_CURVE ( 'NONE', #2158, #1298, #1550, .T. ) ;
#1231 = LINE ( 'NONE', #1765, #566 ) ;
#1232 = ADVANCED_FACE ( 'NONE', ( #2106 ), #639, .F. ) ;
#1233 = EDGE_CURVE ( 'NONE', #2390, #2989, #2662, .T. ) ;
#1234 = CIRCLE ( 'NONE', #1286, 0.07071067811865137900 ) ;
#1235 = ORIENTED_EDGE ( 'NONE', *, *, #905, .T. ) ;
#1236 = CARTESIAN_POINT ( 'NONE',  ( 0.7099804735160403200, 0.0000000000000000000, -0.5499999999999959400 ) ) ;
#1237 =( NAMED_UNIT ( * ) SI_UNIT ( $, .STERADIAN. ) SOLID_ANGLE_UNIT ( ) );
#1238 = EDGE_LOOP ( 'NONE', ( #1281, #1967, #1404, #3116 ) ) ;
#1239 = DIRECTION ( 'NONE',  ( -1.022832238193872700E-016, 0.0000000000000000000, -1.000000000000000000 ) ) ;
#1240 = EDGE_LOOP ( 'NONE', ( #732, #2245, #2574, #1255 ) ) ;
#1241 = VECTOR ( 'NONE', #2649, 1000.000000000000000 ) ;
#1242 = AXIS2_PLACEMENT_3D ( 'NONE', #2865, #1436, #1187 ) ;
#1243 = CIRCLE ( 'NONE', #1072, 0.07071067811865462700 ) ;
#1244 = VECTOR ( 'NONE', #2047, 1000.000000000000000 ) ;
#1245 = ORIENTED_EDGE ( 'NONE', *, *, #1012, .T. ) ;
#1246 = DIRECTION ( 'NONE',  ( 1.000000000000000000, 0.0000000000000000000, 0.0000000000000000000 ) ) ;
#1247 = COLOUR_RGB ( '',1.000000000000000000, 1.000000000000000000, 1.000000000000000000 ) ;
#1248 = ORIENTED_EDGE ( 'NONE', *, *, #1032, .T. ) ;
#1249 = EDGE_LOOP ( 'NONE', ( #1309, #750, #3107, #1081 ) ) ;
#1250 = VERTEX_POINT ( 'NONE', #2102 ) ;
#1251 = AXIS2_PLACEMENT_3D ( 'NONE', #906, #145, #888 ) ;
#1252 = LINE ( 'NONE', #2643, #1805 ) ;
#1253 = ORIENTED_EDGE ( 'NONE', *, *, #1982, .F. ) ;
#1254 = VECTOR ( 'NONE', #2350, 1000.000000000000000 ) ;
#1255 = ORIENTED_EDGE ( 'NONE', *, *, #2340, .T. ) ;
#1256 = EDGE_CURVE ( 'NONE', #2731, #2123, #818, .T. ) ;
#1257 = CYLINDRICAL_SURFACE ( 'NONE', #1992, 0.09999999999999999200 ) ;
#1258 = VERTEX_POINT ( 'NONE', #1139 ) ;
#1259 = ORIENTED_EDGE ( 'NONE', *, *, #2701, .F. ) ;
#1260 = CIRCLE ( 'NONE', #1159, 0.07071067811865462700 ) ;
#1261 = DIRECTION ( 'NONE',  ( 0.0000000000000000000, 0.0000000000000000000, 1.000000000000000000 ) ) ;
#1262 = VERTEX_POINT ( 'NONE', #2813 ) ;
#1263 = ORIENTED_EDGE ( 'NONE', *, *, #2773, .F. ) ;
#1264 = ORIENTED_EDGE ( 'NONE', *, *, #2396, .F. ) ;
#1265 = EDGE_CURVE ( 'NONE', #2356, #1810, #756, .T. ) ;
#1266 = LINE ( 'NONE', #1157, #712 ) ;
#1267 = SURFACE_STYLE_FILL_AREA ( #2752 ) ;
#1268 = CARTESIAN_POINT ( 'NONE',  ( -0.7499999999999951200, 0.02999999999999999900, 0.1499999999999963900 ) ) ;
#1269 = ORIENTED_EDGE ( 'NONE', *, *, #1921, .T. ) ;
#1270 = VECTOR ( 'NONE', #1146, 1000.000000000000000 ) ;
#1271 = LINE ( 'NONE', #675, #1763 ) ;
#1272 = LINE ( 'NONE', #204, #30 ) ;
#1273 = CARTESIAN_POINT ( 'NONE',  ( -0.7499999999999951200, 0.2699999999999999600, -0.5500000000000032600 ) ) ;
#1274 = LINE ( 'NONE', #1934, #2406 ) ;
#1275 = EDGE_CURVE ( 'NONE', #558, #296, #84, .T. ) ;
#1276 = MANIFOLD_SOLID_BREP ( 'Boss-Extrude4[4]', #842 ) ;
#1277 = CARTESIAN_POINT ( 'NONE',  ( -0.7099804735160403200, 0.02999999999999999900, -0.5499999999999963800 ) ) ;
#1278 = EDGE_CURVE ( 'NONE', #1678, #504, #1742, .T. ) ;
#1279 = DIRECTION ( 'NONE',  ( 0.0000000000000000000, 0.0000000000000000000, 1.000000000000000000 ) ) ;
#1280 = ORIENTED_EDGE ( 'NONE', *, *, #2197, .T. ) ;
#1281 = ORIENTED_EDGE ( 'NONE', *, *, #2883, .T. ) ;
#1282 = ORIENTED_EDGE ( 'NONE', *, *, #696, .F. ) ;
#1283 = FACE_OUTER_BOUND ( 'NONE', #483, .T. ) ;
#1284 = SURFACE_STYLE_FILL_AREA ( #1554 ) ;
#1285 = DIRECTION ( 'NONE',  ( -0.0000000000000000000, 1.000000000000000000, -0.0000000000000000000 ) ) ;
#1286 = AXIS2_PLACEMENT_3D ( 'NONE', #1097, #2763, #1329 ) ;
#1287 = CARTESIAN_POINT ( 'NONE',  ( -0.3999999999999950800, 0.02999999999999999900, -0.5499999999999963800 ) ) ;
#1288 = VECTOR ( 'NONE', #399, 1000.000000000000000 ) ;
#1289 = ORIENTED_EDGE ( 'NONE', *, *, #246, .F. ) ;
#1290 = ORIENTED_EDGE ( 'NONE', *, *, #604, .F. ) ;
#1291 = EDGE_LOOP ( 'NONE', ( #1505, #2712, #2256, #2217 ) ) ;
#1292 = FACE_OUTER_BOUND ( 'NONE', #959, .T. ) ;
#1293 = LINE ( 'NONE', #2832, #2013 ) ;
#1294 = DIRECTION ( 'NONE',  ( -0.0000000000000000000, -0.0000000000000000000, -1.000000000000000000 ) ) ;
#1295 = VECTOR ( 'NONE', #2593, 1000.000000000000000 ) ;
#1296 = CIRCLE ( 'NONE', #356, 0.09999999999999999200 ) ;
#1297 = LINE ( 'NONE', #1892, #363 ) ;
#1298 = VERTEX_POINT ( 'NONE', #938 ) ;
#1299 = ORIENTED_EDGE ( 'NONE', *, *, #61, .F. ) ;
#1300 = EDGE_CURVE ( 'NONE', #2778, #196, #2923, .T. ) ;
#1301 = CARTESIAN_POINT ( 'NONE',  ( -0.7299999999999952100, 0.2699999999999999600, -0.5300000000000029100 ) ) ;
#1302 = AXIS2_PLACEMENT_3D ( 'NONE', #1890, #571, #2261 ) ;
#1303 = DIRECTION ( 'NONE',  ( 1.000000000000000000, 0.0000000000000000000, 0.0000000000000000000 ) ) ;
#1304 = DIRECTION ( 'NONE',  ( -0.0000000000000000000, 1.000000000000000000, -0.0000000000000000000 ) ) ;
#1305 = AXIS2_PLACEMENT_3D ( 'NONE', #782, #2445, #1036 ) ;
#1306 = EDGE_CURVE ( 'NONE', #2076, #1298, #174, .T. ) ;
#1307 = EDGE_LOOP ( 'NONE', ( #993, #3054, #2108, #587, #2483, #1755, #2852, #2771 ) ) ;
#1308 = CARTESIAN_POINT ( 'NONE',  ( 0.7715829222936344500, 0.0000000000000000000, 0.5352507166477453700 ) ) ;
#1309 = ORIENTED_EDGE ( 'NONE', *, *, #2862, .T. ) ;
#1310 = CARTESIAN_POINT ( 'NONE',  ( 0.7715829222936326800, 0.02999999999999999900, 0.5352507166477413800 ) ) ;
#1312 = ORIENTED_EDGE ( 'NONE', *, *, #102, .F. ) ;
#1311 = PRODUCT_RELATED_PRODUCT_CATEGORY ( 'part', '', ( #1440 ) ) ;
#1313 = EDGE_CURVE ( 'NONE', #92, #2208, #1297, .T. ) ;
#1314 = DIRECTION ( 'NONE',  ( 0.0000000000000000000, 0.0000000000000000000, 1.000000000000000000 ) ) ;
#1315 = FACE_OUTER_BOUND ( 'NONE', #2724, .T. ) ;
#1316 = ORIENTED_EDGE ( 'NONE', *, *, #2137, .T. ) ;
#1317 = AXIS2_PLACEMENT_3D ( 'NONE', #2618, #3105, #1688 ) ;
#1318 = LINE ( 'NONE', #2126, #769 ) ;
#1319 = SURFACE_SIDE_STYLE ('',( #1267 ) ) ;
#1320 = DIRECTION ( 'NONE',  ( 0.0000000000000000000, -1.000000000000000000, -0.0000000000000000000 ) ) ;
#1321 = ORIENTED_EDGE ( 'NONE', *, *, #1120, .T. ) ;
#1322 = CARTESIAN_POINT ( 'NONE',  ( 0.7499999999999951200, 0.02999999999999999900, -0.1499999999999962800 ) ) ;
#1323 = FACE_OUTER_BOUND ( 'NONE', #2920, .T. ) ;
#1324 = ADVANCED_FACE ( 'NONE', ( #1665 ), #2372, .F. ) ;
#1325 = ORIENTED_EDGE ( 'NONE', *, *, #2991, .T. ) ;
#1326 = EDGE_CURVE ( 'NONE', #1262, #1752, #2931, .T. ) ;
#1327 = LINE ( 'NONE', #2584, #2515 ) ;
#1328 = VERTEX_POINT ( 'NONE', #685 ) ;
#1329 = DIRECTION ( 'NONE',  ( 0.0000000000000000000, 0.0000000000000000000, -1.000000000000000000 ) ) ;
#1330 = VERTEX_POINT ( 'NONE', #1675 ) ;
#1331 = EDGE_CURVE ( 'NONE', #871, #2792, #2608, .T. ) ;
#1332 = ORIENTED_EDGE ( 'NONE', *, *, #784, .F. ) ;
#1333 = CARTESIAN_POINT ( 'NONE',  ( -0.5440438072099596000, 0.2899999999999998700, 0.3675632725617106200 ) ) ;
#1334 = DIRECTION ( 'NONE',  ( 1.000000000000000000, 0.0000000000000000000, 0.0000000000000000000 ) ) ;
#1335 = VECTOR ( 'NONE', #913, 1000.000000000000200 ) ;
#1336 = FACE_OUTER_BOUND ( 'NONE', #195, .T. ) ;
#1337 = CARTESIAN_POINT ( 'NONE',  ( -0.7999999999999951600, 0.1200000000000000000, -0.6000000000000033100 ) ) ;
#1338 = CARTESIAN_POINT ( 'NONE',  ( -0.2499999999999951200, 0.02999999999999999900, 0.1499999999999963900 ) ) ;
#1339 = ORIENTED_EDGE ( 'NONE', *, *, #2368, .F. ) ;
#1340 = FILL_AREA_STYLE_COLOUR ( '', #1610 ) ;
#1341 = AXIS2_PLACEMENT_3D ( 'NONE', #2352, #2583, #1171 ) ;
#1342 = CYLINDRICAL_SURFACE ( 'NONE', #922, 0.09999999999999999200 ) ;
#1343 = DIRECTION ( 'NONE',  ( -1.000000000000000000, 0.0000000000000000000, 0.0000000000000000000 ) ) ;
#1344 = LINE ( 'NONE', #914, #1924 ) ;
#1345 = VECTOR ( 'NONE', #976, 1000.000000000000000 ) ;
#1346 = VERTEX_POINT ( 'NONE', #970 ) ;
#1347 = FACE_OUTER_BOUND ( 'NONE', #3124, .T. ) ;
#1348 = ADVANCED_FACE ( 'NONE', ( #1323 ), #2510, .F. ) ;
#1349 = CARTESIAN_POINT ( 'NONE',  ( -0.7499999999999951200, 0.02999999999999999900, -0.5179843788128317700 ) ) ;
#1350 = AXIS2_PLACEMENT_3D ( 'NONE', #1004, #1471, #2205 ) ;
#1351 = DIRECTION ( 'NONE',  ( -9.035018104045873200E-017, 0.0000000000000000000, -1.000000000000000000 ) ) ;
#1352 = CARTESIAN_POINT ( 'NONE',  ( -0.7299999999999952100, 0.2699999999999999600, -0.4300000000000029900 ) ) ;
#1353 = ORIENTED_EDGE ( 'NONE', *, *, #1233, .F. ) ;
#1354 = DIRECTION ( 'NONE',  ( -0.0000000000000000000, 0.0000000000000000000, -1.000000000000000000 ) ) ;
#1355 = ORIENTED_EDGE ( 'NONE', *, *, #855, .T. ) ;
#1356 = EDGE_LOOP ( 'NONE', ( #1030, #425, #260, #581, #2387, #396, #2469 ) ) ;
#1357 = AXIS2_PLACEMENT_3D ( 'NONE', #3035, #636, #2321 ) ;
#1358 = CARTESIAN_POINT ( 'NONE',  ( -0.6499999999999951400, 0.2699999999999999600, 0.5499999999999963800 ) ) ;
#1359 = DIRECTION ( 'NONE',  ( -0.0000000000000000000, -0.0000000000000000000, -1.000000000000000000 ) ) ;
#1360 = MECHANICAL_DESIGN_GEOMETRIC_PRESENTATION_REPRESENTATION (  '', ( #887 ), #1539 ) ;
#1361 = CARTESIAN_POINT ( 'NONE',  ( 0.6300000000000051100, 0.2999999999999999300, 0.4299999999999962200 ) ) ;
#1362 = ADVANCED_FACE ( 'NONE', ( #700 ), #1257, .T. ) ;
#1363 = CARTESIAN_POINT ( 'NONE',  ( 0.2499999999999951200, 0.02999999999999999900, -0.5499999999999959400 ) ) ;
#1364 = EDGE_CURVE ( 'NONE', #1582, #3103, #104, .T. ) ;
#1365 = VECTOR ( 'NONE', #1899, 1000.000000000000000 ) ;
#1366 = VECTOR ( 'NONE', #2000, 1000.000000000000000 ) ;
#1367 = EDGE_CURVE ( 'NONE', #1422, #548, #1906, .T. ) ;
#1368 = DIRECTION ( 'NONE',  ( 0.0000000000000000000, 0.0000000000000000000, -1.000000000000000000 ) ) ;
#1369 = VECTOR ( 'NONE', #1609, 1000.000000000000000 ) ;
#1370 = DIRECTION ( 'NONE',  ( 0.0000000000000000000, 0.0000000000000000000, 1.000000000000000000 ) ) ;
#1371 = EDGE_LOOP ( 'NONE', ( #1652, #1210, #831, #144 ) ) ;
#1372 = ORIENTED_EDGE ( 'NONE', *, *, #1103, .T. ) ;
#1373 = CARTESIAN_POINT ( 'NONE',  ( 0.7300000000000052000, 0.2699999999999999600, 0.4299999999999962200 ) ) ;
#1374 = ADVANCED_FACE ( 'NONE', ( #42 ), #2559, .F. ) ;
#1375 = ORIENTED_EDGE ( 'NONE', *, *, #2856, .T. ) ;
#1376 = ORIENTED_EDGE ( 'NONE', *, *, #565, .F. ) ;
#1377 = EDGE_CURVE ( 'NONE', #2690, #1931, #603, .T. ) ;
#1378 = ORIENTED_EDGE ( 'NONE', *, *, #1724, .T. ) ;
#1379 = ORIENTED_EDGE ( 'NONE', *, *, #2080, .F. ) ;
#1380 = VECTOR ( 'NONE', #726, 1000.000000000000000 ) ;
#1381 = CARTESIAN_POINT ( 'NONE',  ( -0.6299999999999950100, 0.2999999999999999300, 0.5299999999999962500 ) ) ;
#1382 = VECTOR ( 'NONE', #915, 1000.000000000000000 ) ;
#1383 = DIRECTION ( 'NONE',  ( 0.7808688094430290500, 0.0000000000000000000, 0.6246950475544259500 ) ) ;
#1384 = EDGE_CURVE ( 'NONE', #2678, #600, #1200, .T. ) ;
#1385 = CARTESIAN_POINT ( 'NONE',  ( 0.7499999999999951200, 0.0000000000000000000, 0.5179843788128313300 ) ) ;
#1386 = DIRECTION ( 'NONE',  ( -0.0000000000000000000, -1.000000000000000000, -0.0000000000000000000 ) ) ;
#1387 = DIRECTION ( 'NONE',  ( 0.0000000000000000000, 0.0000000000000000000, 1.000000000000000000 ) ) ;
#1388 = ADVANCED_FACE ( 'NONE', ( #2446 ), #2576, .F. ) ;
#1389 = VECTOR ( 'NONE', #2038, 1000.000000000000000 ) ;
#1390 = VECTOR ( 'NONE', #1864, 1000.000000000000000 ) ;
#1391 = CARTESIAN_POINT ( 'NONE',  ( -0.5440438072099596000, 0.2899999999999998700, 0.3675632725617106200 ) ) ;
#1392 = ORIENTED_EDGE ( 'NONE', *, *, #2938, .T. ) ;
#1393 = ORIENTED_EDGE ( 'NONE', *, *, #2769, .T. ) ;
#1394 = DIRECTION ( 'NONE',  ( 2.227812683189392000E-016, -0.0000000000000000000, 1.000000000000000000 ) ) ;
#1395 = CARTESIAN_POINT ( 'NONE',  ( -0.7715829222936326800, 0.02999999999999999900, 0.5352507166477418200 ) ) ;
#1396 = CARTESIAN_POINT ( 'NONE',  ( -0.7499999999999951200, 0.2699999999999999600, 0.5499999999999963800 ) ) ;
#1397 = DIRECTION ( 'NONE',  ( 0.0000000000000000000, -1.000000000000000000, 0.0000000000000000000 ) ) ;
#1398 = DIRECTION ( 'NONE',  ( 0.0000000000000000000, 0.0000000000000000000, 1.000000000000000000 ) ) ;
#1399 = DIRECTION ( 'NONE',  ( 1.000000000000000000, 0.0000000000000000000, -0.0000000000000000000 ) ) ;
#1400 = AXIS2_PLACEMENT_3D ( 'NONE', #2112, #1639, #186 ) ;
#1401 = DIRECTION ( 'NONE',  ( 0.0000000000000000000, 1.000000000000000000, 0.0000000000000000000 ) ) ;
#1402 = CARTESIAN_POINT ( 'NONE',  ( -0.7357016169991812400, 0.02999999999999999900, -0.5705769147865080700 ) ) ;
#1403 = ORIENTED_EDGE ( 'NONE', *, *, #2340, .F. ) ;
#1404 = ORIENTED_EDGE ( 'NONE', *, *, #2453, .F. ) ;
#1405 = CARTESIAN_POINT ( 'NONE',  ( -0.7499999999999951200, 0.02999999999999999900, 0.1499999999999963900 ) ) ;
#1406 = DIRECTION ( 'NONE',  ( 0.0000000000000000000, 0.0000000000000000000, -1.000000000000000000 ) ) ;
#1407 = DIRECTION ( 'NONE',  ( 0.0000000000000000000, 0.0000000000000000000, -1.000000000000000000 ) ) ;
#1408 = DIRECTION ( 'NONE',  ( 0.7808688094429835400, 0.0000000000000000000, 0.6246950475544825700 ) ) ;
#1409 = PLANE ( 'NONE',  #1732 ) ;
#1410 = EDGE_LOOP ( 'NONE', ( #898, #1033, #2511, #2439 ) ) ;
#1411 = ORIENTED_EDGE ( 'NONE', *, *, #1225, .T. ) ;
#1412 = VERTEX_POINT ( 'NONE', #1644 ) ;
#1413 = EDGE_CURVE ( 'NONE', #1862, #1759, #3008, .T. ) ;
#1414 = DIRECTION ( 'NONE',  ( 1.000000000000000000, -0.0000000000000000000, -0.0000000000000000000 ) ) ;
#1415 = CARTESIAN_POINT ( 'NONE',  ( -0.7299999999999951000, 0.2999999999999999300, 0.4299999999999963900 ) ) ;
#1416 = DIRECTION ( 'NONE',  ( -0.0000000000000000000, -1.000000000000000000, -0.0000000000000000000 ) ) ;
#1417 = CARTESIAN_POINT ( 'NONE',  ( 0.7499999999999951200, 0.02999999999999999900, -0.1499999999999962800 ) ) ;
#1418 = PLANE ( 'NONE',  #841 ) ;
#1419 = FACE_OUTER_BOUND ( 'NONE', #3128, .T. ) ;
#1420 = PLANE ( 'NONE',  #574 ) ;
#1421 = DIRECTION ( 'NONE',  ( -0.0000000000000000000, 0.0000000000000000000, -1.000000000000000000 ) ) ;
#1422 = VERTEX_POINT ( 'NONE', #2381 ) ;
#1423 = DIRECTION ( 'NONE',  ( 0.6246950475544259500, 0.0000000000000000000, -0.7808688094430290500 ) ) ;
#1424 = DIRECTION ( 'NONE',  ( 0.7071067811865474600, 0.0000000000000000000, -0.7071067811865474600 ) ) ;
#1425 = LINE ( 'NONE', #2091, #838 ) ;
#1426 = ORIENTED_EDGE ( 'NONE', *, *, #1275, .F. ) ;
#1427 = CARTESIAN_POINT ( 'NONE',  ( -0.6499999999999951400, 0.1200000000000000000, 0.4499999999999963500 ) ) ;
#1428 = VECTOR ( 'NONE', #2142, 1000.000000000000100 ) ;
#1429 = CARTESIAN_POINT ( 'NONE',  ( -0.7499999999999951200, 0.2699999999999999600, -0.4500000000000032900 ) ) ;
#1430 = CARTESIAN_POINT ( 'NONE',  ( -0.5440438072099596000, 0.2899999999999998700, 0.3675632725617106200 ) ) ;
#1431 = VERTEX_POINT ( 'NONE', #3065 ) ;
#1432 = DIRECTION ( 'NONE',  ( 0.6246950475544259500, -0.0000000000000000000, 0.7808688094430290500 ) ) ;
#1433 = MECHANICAL_DESIGN_GEOMETRIC_PRESENTATION_REPRESENTATION (  '', ( #1092 ), #1589 ) ;
#1434 = FACE_OUTER_BOUND ( 'NONE', #707, .T. ) ;
#1435 = VERTEX_POINT ( 'NONE', #673 ) ;
#1436 = DIRECTION ( 'NONE',  ( -0.0000000000000000000, 1.000000000000000000, -0.0000000000000000000 ) ) ;
#1437 = ORIENTED_EDGE ( 'NONE', *, *, #1682, .F. ) ;
#1438 = PLANE ( 'NONE',  #1501 ) ;
#1439 = ORIENTED_EDGE ( 'NONE', *, *, #620, .F. ) ;
#1440 = PRODUCT ( 'NX1612SA-50M-EXS00A-CS08403', 'NX1612SA-50M-EXS00A-CS08403', '', ( #1500 ) ) ;
#1441 = CARTESIAN_POINT ( 'NONE',  ( 0.7499999999999951200, 0.0000000000000000000, -0.5179843788128313300 ) ) ;
#1442 = VECTOR ( 'NONE', #2549, 1000.000000000000000 ) ;
#1443 = VECTOR ( 'NONE', #1638, 1000.000000000000000 ) ;
#1444 = EDGE_CURVE ( 'NONE', #540, #1913, #479, .T. ) ;
#1445 = DIRECTION ( 'NONE',  ( 0.0000000000000000000, 0.0000000000000000000, -1.000000000000000000 ) ) ;
#1446 = VERTEX_POINT ( 'NONE', #920 ) ;
#1447 = EDGE_LOOP ( 'NONE', ( #85, #2887, #1461, #766 ) ) ;
#1448 = FACE_OUTER_BOUND ( 'NONE', #2654, .T. ) ;
#1449 = CIRCLE ( 'NONE', #1699, 0.07071067811865473800 ) ;
#1450 = LINE ( 'NONE', #943, #2624 ) ;
#1451 = CARTESIAN_POINT ( 'NONE',  ( -0.6499999999999951400, 0.2699999999999999600, -0.4500000000000032900 ) ) ;
#1452 = DIRECTION ( 'NONE',  ( 0.0000000000000000000, 0.0000000000000000000, 1.000000000000000000 ) ) ;
#1453 = ORIENTED_EDGE ( 'NONE', *, *, #1116, .F. ) ;
#1454 = CARTESIAN_POINT ( 'NONE',  ( -0.7999999999999950500, 0.0000000000000000000, 0.5999999999999963100 ) ) ;
#1455 = VECTOR ( 'NONE', #315, 1000.000000000000000 ) ;
#1456 = EDGE_CURVE ( 'NONE', #1810, #1874, #2388, .T. ) ;
#1457 = CARTESIAN_POINT ( 'NONE',  ( 0.7099804735160403200, 0.0000000000000000000, -0.5499999999999959400 ) ) ;
#1458 = DIRECTION ( 'NONE',  ( 0.0000000000000000000, -1.000000000000000000, 0.0000000000000000000 ) ) ;
#1459 = ORIENTED_EDGE ( 'NONE', *, *, #1521, .F. ) ;
#1460 = EDGE_CURVE ( 'NONE', #1720, #364, #2937, .T. ) ;
#1461 = ORIENTED_EDGE ( 'NONE', *, *, #984, .F. ) ;
#1462 = CARTESIAN_POINT ( 'NONE',  ( 0.6500000000000051300, 0.1200000000000000000, -0.4500000000000032900 ) ) ;
#1463 = ADVANCED_FACE ( 'NONE', ( #1812 ), #2141, .F. ) ;
#1464 = EDGE_CURVE ( 'NONE', #1947, #1515, #2239, .T. ) ;
#1465 = DIRECTION ( 'NONE',  ( -0.0000000000000000000, 1.000000000000000000, -0.0000000000000000000 ) ) ;
#1466 = VECTOR ( 'NONE', #3095, 1000.000000000000000 ) ;
#1467 = VECTOR ( 'NONE', #3039, 1000.000000000000000 ) ;
#1468 = ORIENTED_EDGE ( 'NONE', *, *, #565, .T. ) ;
#1469 = EDGE_LOOP ( 'NONE', ( #1259, #3009, #2929, #1734 ) ) ;
#1470 = CARTESIAN_POINT ( 'NONE',  ( 0.7500000000000052200, 0.2699999999999999600, -0.5500000000000032600 ) ) ;
#1471 = DIRECTION ( 'NONE',  ( -0.6246950475545051100, 0.0000000000000000000, -0.7808688094429656600 ) ) ;
#1472 = LINE ( 'NONE', #1013, #2057 ) ;
#1473 = ORIENTED_EDGE ( 'NONE', *, *, #2328, .F. ) ;
#1474 = ORIENTED_EDGE ( 'NONE', *, *, #1506, .T. ) ;
#1475 = CARTESIAN_POINT ( 'NONE',  ( -0.7292893218813404400, 0.0000000000000000000, -0.6000000000000033100 ) ) ;
#1476 = VERTEX_POINT ( 'NONE', #457 ) ;
#1477 = CARTESIAN_POINT ( 'NONE',  ( 0.7499999999999951200, 0.0000000000000000000, -0.1499999999999962800 ) ) ;
#1478 = ADVANCED_FACE ( 'NONE', ( #2880 ), #1591, .F. ) ;
#1479 = LINE ( 'NONE', #2389, #2795 ) ;
#1480 = VECTOR ( 'NONE', #2334, 1000.000000000000000 ) ;
#1481 = FACE_OUTER_BOUND ( 'NONE', #189, .T. ) ;
#1482 = VECTOR ( 'NONE', #419, 1000.000000000000000 ) ;
#1483 = DIRECTION ( 'NONE',  ( 0.0000000000000000000, -1.000000000000000000, 0.0000000000000000000 ) ) ;
#1484 = ORIENTED_EDGE ( 'NONE', *, *, #532, .T. ) ;
#1485 = ORIENTED_EDGE ( 'NONE', *, *, #67, .T. ) ;
#1486 = DIRECTION ( 'NONE',  ( 1.000000000000000000, 0.0000000000000000000, 0.0000000000000000000 ) ) ;
#1487 = APPLICATION_CONTEXT ( 'automotive_design' ) ;
#1488 = MANIFOLD_SOLID_BREP ( 'Cut-Extrude3', #2664 ) ;
#1489 = DIRECTION ( 'NONE',  ( -0.0000000000000000000, 1.000000000000000000, -0.0000000000000000000 ) ) ;
#1490 = ORIENTED_EDGE ( 'NONE', *, *, #2500, .F. ) ;
#1491 = CARTESIAN_POINT ( 'NONE',  ( -0.7357016169991782400, 0.02999999999999999900, -0.5705769147865067400 ) ) ;
#1492 = ORIENTED_EDGE ( 'NONE', *, *, #1545, .T. ) ;
#1493 = CARTESIAN_POINT ( 'NONE',  ( -0.7299999999999951000, 0.2999999999999999300, 0.5299999999999962500 ) ) ;
#1494 = ADVANCED_FACE ( 'NONE', ( #316 ), #602, .F. ) ;
#1495 = EDGE_CURVE ( 'NONE', #2280, #43, #72, .T. ) ;
#1496 = EDGE_LOOP ( 'NONE', ( #2869, #605, #1185, #2243 ) ) ;
#1497 = VERTEX_POINT ( 'NONE', #1352 ) ;
#1498 = ORIENTED_EDGE ( 'NONE', *, *, #2627, .T. ) ;
#1499 = AXIS2_PLACEMENT_3D ( 'NONE', #105, #1801, #371 ) ;
#1500 = PRODUCT_CONTEXT ( 'NONE', #1487, 'mechanical' ) ;
#1501 = AXIS2_PLACEMENT_3D ( 'NONE', #1907, #708, #461 ) ;
#1502 = EDGE_CURVE ( 'NONE', #885, #2499, #1941, .T. ) ;
#1503 = FACE_OUTER_BOUND ( 'NONE', #112, .T. ) ;
#1504 = CIRCLE ( 'NONE', #725, 0.09999999999999999200 ) ;
#1505 = ORIENTED_EDGE ( 'NONE', *, *, #1275, .T. ) ;
#1506 = EDGE_CURVE ( 'NONE', #918, #296, #2556, .T. ) ;
#1507 = ORIENTED_EDGE ( 'NONE', *, *, #2019, .T. ) ;
#1508 = LINE ( 'NONE', #2327, #949 ) ;
#1509 = ORIENTED_EDGE ( 'NONE', *, *, #1413, .T. ) ;
#1510 = ORIENTED_EDGE ( 'NONE', *, *, #2883, .F. ) ;
#1511 = AXIS2_PLACEMENT_3D ( 'NONE', #476, #1207, #2876 ) ;
#1512 = LINE ( 'NONE', #149, #2687 ) ;
#1513 = VECTOR ( 'NONE', #423, 1000.000000000000000 ) ;
#1514 = EDGE_LOOP ( 'NONE', ( #2455, #2647, #1669, #281 ) ) ;
#1515 = VERTEX_POINT ( 'NONE', #1834 ) ;
#1516 = LINE ( 'NONE', #1322, #297 ) ;
#1517 = LINE ( 'NONE', #2845, #857 ) ;
#1518 = EDGE_CURVE ( 'NONE', #2635, #893, #2476, .T. ) ;
#1519 = EDGE_LOOP ( 'NONE', ( #2480, #1332, #631, #1316 ) ) ;
#1520 = LINE ( 'NONE', #1043, #2696 ) ;
#1521 = EDGE_CURVE ( 'NONE', #2924, #3091, #741, .T. ) ;
#1522 = DIRECTION ( 'NONE',  ( 0.0000000000000000000, 0.0000000000000000000, -1.000000000000000000 ) ) ;
#1523 = ORIENTED_EDGE ( 'NONE', *, *, #337, .F. ) ;
#1524 = ORIENTED_EDGE ( 'NONE', *, *, #620, .T. ) ;
#1525 = AXIS2_PLACEMENT_3D ( 'NONE', #1128, #2800, #1370 ) ;
#1526 = DIRECTION ( 'NONE',  ( 9.035018104045873200E-017, 0.0000000000000000000, 1.000000000000000000 ) ) ;
#1527 = AXIS2_PLACEMENT_3D ( 'NONE', #458, #2601, #1183 ) ;
#1528 = DIRECTION ( 'NONE',  ( -0.7808688094430299400, 0.0000000000000000000, 0.6246950475544247300 ) ) ;
#1529 = ORIENTED_EDGE ( 'NONE', *, *, #890, .T. ) ;
#1530 = FACE_OUTER_BOUND ( 'NONE', #909, .T. ) ;
#1531 = VECTOR ( 'NONE', #2779, 1000.000000000000000 ) ;
#1532 = ORIENTED_EDGE ( 'NONE', *, *, #2773, .T. ) ;
#1533 = DIRECTION ( 'NONE',  ( 0.0000000000000000000, 0.0000000000000000000, 1.000000000000000000 ) ) ;
#1534 = VERTEX_POINT ( 'NONE', #158 ) ;
#1535 = DIRECTION ( 'NONE',  ( -1.000000000000000000, 0.0000000000000000000, -0.0000000000000000000 ) ) ;
#1536 = LINE ( 'NONE', #375, #2090 ) ;
#1537 = DIRECTION ( 'NONE',  ( -0.0000000000000000000, 1.000000000000000000, -0.0000000000000000000 ) ) ;
#1538 = ORIENTED_EDGE ( 'NONE', *, *, #1150, .F. ) ;
#1539 =( GEOMETRIC_REPRESENTATION_CONTEXT ( 3 ) GLOBAL_UNCERTAINTY_ASSIGNED_CONTEXT ( ( #2353 ) ) GLOBAL_UNIT_ASSIGNED_CONTEXT ( ( #1588, #107, #1803 ) ) REPRESENTATION_CONTEXT ( 'NONE', 'WORKASPACE' ) );
#1540 = ORIENTED_EDGE ( 'NONE', *, *, #735, .T. ) ;
#1541 = ORIENTED_EDGE ( 'NONE', *, *, #1495, .F. ) ;
#1542 = EDGE_CURVE ( 'NONE', #1905, #383, #641, .T. ) ;
#1543 = VERTEX_POINT ( 'NONE', #368 ) ;
#1544 = CIRCLE ( 'NONE', #686, 0.09999999999999999200 ) ;
#1545 = EDGE_CURVE ( 'NONE', #2646, #1686, #1234, .T. ) ;
#1546 = CIRCLE ( 'NONE', #2806, 0.07071067811864996400 ) ;
#1547 = DIRECTION ( 'NONE',  ( -0.0000000000000000000, 1.000000000000000000, -0.0000000000000000000 ) ) ;
#1548 = CARTESIAN_POINT ( 'NONE',  ( 0.6300000000000051100, 0.2999999999999999300, -0.4300000000000032700 ) ) ;
#1549 = LINE ( 'NONE', #1059, #264 ) ;
#1550 = LINE ( 'NONE', #1126, #1482 ) ;
#1551 = ORIENTED_EDGE ( 'NONE', *, *, #1555, .F. ) ;
#1552 = VERTEX_POINT ( 'NONE', #1624 ) ;
#1553 = DIRECTION ( 'NONE',  ( -0.7071067811865475700, 0.0000000000000000000, -0.7071067811865475700 ) ) ;
#1554 = FILL_AREA_STYLE ('',( #2960 ) ) ;
#1555 = EDGE_CURVE ( 'NONE', #296, #471, #1778, .T. ) ;
#1556 = EDGE_CURVE ( 'NONE', #1250, #26, #10, .T. ) ;
#1557 = CARTESIAN_POINT ( 'NONE',  ( -0.7715829222936326800, 0.02999999999999999900, -0.5352507166477418200 ) ) ;
#1558 = ORIENTED_EDGE ( 'NONE', *, *, #2854, .F. ) ;
#1559 = ORIENTED_EDGE ( 'NONE', *, *, #191, .T. ) ;
#1560 = CARTESIAN_POINT ( 'NONE',  ( -0.7715829222936326800, 0.0000000000000000000, 0.5352507166477418200 ) ) ;
#1561 = EDGE_LOOP ( 'NONE', ( #2096, #2224, #1815, #2378, #779, #630, #2981, #66 ) ) ;
#1562 = CARTESIAN_POINT ( 'NONE',  ( 0.2499999999999951200, 0.02999999999999999900, -0.5499999999999959400 ) ) ;
#1563 = ORIENTED_EDGE ( 'NONE', *, *, #2168, .T. ) ;
#1564 = ORIENTED_EDGE ( 'NONE', *, *, #623, .T. ) ;
#1565 = CARTESIAN_POINT ( 'NONE',  ( 0.7999999999999950500, 0.02999999999999999900, 0.5999999999999959800 ) ) ;
#1566 = AXIS2_PLACEMENT_3D ( 'NONE', #1048, #2703, #1279 ) ;
#1567 = LINE ( 'NONE', #2264, #837 ) ;
#1568 = CARTESIAN_POINT ( 'NONE',  ( 0.2499999999999951200, 0.0000000000000000000, -0.5499999999999959400 ) ) ;
#1569 = LINE ( 'NONE', #874, #346 ) ;
#1570 = CARTESIAN_POINT ( 'NONE',  ( 0.7999999999999950500, 0.02999999999999999900, -0.5999999999999959800 ) ) ;
#1571 = EDGE_CURVE ( 'NONE', #43, #2888, #2422, .T. ) ;
#1572 = VERTEX_POINT ( 'NONE', #868 ) ;
#1573 = CARTESIAN_POINT ( 'NONE',  ( 0.2499999999999951200, 0.02999999999999999900, 0.2999999999999962100 ) ) ;
#1574 = ORIENTED_EDGE ( 'NONE', *, *, #1230, .F. ) ;
#1575 = CARTESIAN_POINT ( 'NONE',  ( -0.5440438072099596000, 0.2999999999999999300, 0.4133497525452422000 ) ) ;
#1576 = LINE ( 'NONE', #567, #2918 ) ;
#1577 = ORIENTED_EDGE ( 'NONE', *, *, #530, .F. ) ;
#1578 = VERTEX_POINT ( 'NONE', #1811 ) ;
#1579 = PLANE ( 'NONE',  #2741 ) ;
#1580 = VECTOR ( 'NONE', #2176, 1000.000000000000000 ) ;
#1581 = VECTOR ( 'NONE', #2786, 1000.000000000000000 ) ;
#1582 = VERTEX_POINT ( 'NONE', #2525 ) ;
#1583 = DIRECTION ( 'NONE',  ( 0.0000000000000000000, 1.000000000000000000, 0.0000000000000000000 ) ) ;
#1584 = ORIENTED_EDGE ( 'NONE', *, *, #2992, .F. ) ;
#1585 = CARTESIAN_POINT ( 'NONE',  ( 0.7999999999999950500, 0.0000000000000000000, -0.5999999999999959800 ) ) ;
#1586 = ADVANCED_FACE ( 'NONE', ( #1073 ), #1106, .F. ) ;
#1587 = VECTOR ( 'NONE', #1547, 1000.000000000000000 ) ;
#1588 =( LENGTH_UNIT ( ) NAMED_UNIT ( * ) SI_UNIT ( .MILLI., .METRE. ) );
#1589 =( GEOMETRIC_REPRESENTATION_CONTEXT ( 3 ) GLOBAL_UNCERTAINTY_ASSIGNED_CONTEXT ( ( #814 ) ) GLOBAL_UNIT_ASSIGNED_CONTEXT ( ( #333, #2014, #568 ) ) REPRESENTATION_CONTEXT ( 'NONE', 'WORKASPACE' ) );
#1590 = CARTESIAN_POINT ( 'NONE',  ( 0.7499999999999951200, 0.02999999999999999900, -0.1499999999999962800 ) ) ;
#1591 = PLANE ( 'NONE',  #156 ) ;
#1592 = FACE_OUTER_BOUND ( 'NONE', #2617, .T. ) ;
#1593 = DIRECTION ( 'NONE',  ( 0.0000000000000000000, 0.0000000000000000000, -1.000000000000000000 ) ) ;
#1594 = EDGE_CURVE ( 'NONE', #2683, #776, #437, .T. ) ;
#1595 = DIRECTION ( 'NONE',  ( -0.0000000000000000000, 1.000000000000000000, -0.0000000000000000000 ) ) ;
#1596 = ORIENTED_EDGE ( 'NONE', *, *, #594, .T. ) ;
#1597 = PLANE ( 'NONE',  #551 ) ;
#1598 = SURFACE_SIDE_STYLE ('',( #983 ) ) ;
#1599 = EDGE_CURVE ( 'NONE', #3125, #711, #1730, .T. ) ;
#1600 = ADVANCED_FACE ( 'NONE', ( #2969 ), #2782, .F. ) ;
#1601 = DIRECTION ( 'NONE',  ( -1.000000000000000000, 0.0000000000000000000, 2.710505431213762100E-016 ) ) ;
#1602 = ORIENTED_EDGE ( 'NONE', *, *, #972, .T. ) ;
#1603 = VECTOR ( 'NONE', #2202, 1000.000000000000000 ) ;
#1604 = CARTESIAN_POINT ( 'NONE',  ( -0.2499999999999951200, 0.0000000000000000000, -0.3999999999999964100 ) ) ;
#1605 = ORIENTED_EDGE ( 'NONE', *, *, #1034, .T. ) ;
#1606 = CARTESIAN_POINT ( 'NONE',  ( -0.3999999999999950800, 0.0000000000000000000, -0.5499999999999963800 ) ) ;
#1607 = VECTOR ( 'NONE', #621, 1000.000000000000000 ) ;
#1608 = CARTESIAN_POINT ( 'NONE',  ( 0.8000000000000052600, 0.1200000000000000000, 0.5292893218813415900 ) ) ;
#1609 = DIRECTION ( 'NONE',  ( 0.0000000000000000000, 0.0000000000000000000, -1.000000000000000000 ) ) ;
#1610 = COLOUR_RGB ( '',0.7921568627450980000, 0.8196078431372548800, 0.9333333333333333500 ) ;
#1611 = ORIENTED_EDGE ( 'NONE', *, *, #473, .F. ) ;
#1612 = EDGE_CURVE ( 'NONE', #1931, #2292, #2912, .T. ) ;
#1613 = FACE_OUTER_BOUND ( 'NONE', #1025, .T. ) ;
#1614 = ORIENTED_EDGE ( 'NONE', *, *, #1230, .T. ) ;
#1615 = VERTEX_POINT ( 'NONE', #1119 ) ;
#1616 = VERTEX_POINT ( 'NONE', #862 ) ;
#1617 = CARTESIAN_POINT ( 'NONE',  ( -0.7499999999999951200, 0.02999999999999999900, 0.1499999999999963900 ) ) ;
#1618 = DIRECTION ( 'NONE',  ( -0.0000000000000000000, -1.000000000000000000, -0.0000000000000000000 ) ) ;
#1619 = ADVANCED_FACE ( 'NONE', ( #1016 ), #940, .T. ) ;
#1620 = EDGE_LOOP ( 'NONE', ( #1945, #2045, #1353, #55 ) ) ;
#1621 = ORIENTED_EDGE ( 'NONE', *, *, #3117, .F. ) ;
#1622 = CARTESIAN_POINT ( 'NONE',  ( -0.2499999999999951200, 0.0000000000000000000, 0.5499999999999963800 ) ) ;
#1623 = LINE ( 'NONE', #139, #2797 ) ;
#1624 = CARTESIAN_POINT ( 'NONE',  ( -0.2499999999999951200, 0.02999999999999999900, -0.3999999999999964100 ) ) ;
#1625 = VECTOR ( 'NONE', #1533, 1000.000000000000000 ) ;
#1626 = VECTOR ( 'NONE', #1489, 1000.000000000000000 ) ;
#1627 = EDGE_LOOP ( 'NONE', ( #2803, #214, #1473, #334 ) ) ;
#1628 = ADVANCED_FACE ( 'NONE', ( #2211 ), #1597, .F. ) ;
#1629 = CARTESIAN_POINT ( 'NONE',  ( 0.7500000000000052200, 0.2699999999999999600, 0.4499999999999963500 ) ) ;
#1630 = CARTESIAN_POINT ( 'NONE',  ( 0.8000000000000052600, 0.0000000000000000000, 0.5292893218813415900 ) ) ;
#1631 = DIRECTION ( 'NONE',  ( -0.0000000000000000000, 1.000000000000000000, -0.0000000000000000000 ) ) ;
#1632 = VERTEX_POINT ( 'NONE', #1338 ) ;
#1633 = ADVANCED_FACE ( 'NONE', ( #2738 ), #2303, .F. ) ;
#1634 = ORIENTED_EDGE ( 'NONE', *, *, #1256, .F. ) ;
#1635 = CARTESIAN_POINT ( 'NONE',  ( -0.7999999999999950500, 0.1200000000000000000, 0.5999999999999963100 ) ) ;
#1636 = VERTEX_POINT ( 'NONE', #2066 ) ;
#1637 = ORIENTED_EDGE ( 'NONE', *, *, #1495, .T. ) ;
#1638 = DIRECTION ( 'NONE',  ( 0.0000000000000000000, 0.0000000000000000000, -1.000000000000000000 ) ) ;
#1639 = DIRECTION ( 'NONE',  ( 0.0000000000000000000, -0.0000000000000000000, 1.000000000000000000 ) ) ;
#1640 = DIRECTION ( 'NONE',  ( -1.000000000000000000, 0.0000000000000000000, -0.0000000000000000000 ) ) ;
#1641 = CARTESIAN_POINT ( 'NONE',  ( -0.7715829222936326800, 0.0000000000000000000, 0.5352507166477418200 ) ) ;
#1642 = VECTOR ( 'NONE', #822, 1000.000000000000000 ) ;
#1643 = DIRECTION ( 'NONE',  ( -7.426042277297974100E-017, 0.0000000000000000000, -1.000000000000000000 ) ) ;
#1644 = CARTESIAN_POINT ( 'NONE',  ( 0.2499999999999951200, 0.0000000000000000000, 0.2999999999999962100 ) ) ;
#1645 = SURFACE_SIDE_STYLE ('',( #2573 ) ) ;
#1646 = VECTOR ( 'NONE', #147, 1000.000000000000000 ) ;
#1647 = AXIS2_PLACEMENT_3D ( 'NONE', #1088, #2744, #1314 ) ;
#1648 = VERTEX_POINT ( 'NONE', #1608 ) ;
#1649 = DIRECTION ( 'NONE',  ( 0.0000000000000000000, 1.000000000000000000, 0.0000000000000000000 ) ) ;
#1650 = DIRECTION ( 'NONE',  ( 0.0000000000000000000, 0.0000000000000000000, 1.000000000000000000 ) ) ;
#1651 = DIRECTION ( 'NONE',  ( 0.0000000000000000000, 0.0000000000000000000, 1.000000000000000000 ) ) ;
#1652 = ORIENTED_EDGE ( 'NONE', *, *, #2285, .F. ) ;
#1653 = EDGE_LOOP ( 'NONE', ( #1551, #1426, #2652, #2201, #2147, #1102, #3111, #1133 ) ) ;
#1654 = VECTOR ( 'NONE', #561, 1000.000000000000000 ) ;
#1655 = CARTESIAN_POINT ( 'NONE',  ( -0.2499999999999951200, -0.0000000000000000000, -0.3999999999999964100 ) ) ;
#1656 = EDGE_CURVE ( 'NONE', #12, #62, #2835, .T. ) ;
#1657 = ORIENTED_EDGE ( 'NONE', *, *, #823, .T. ) ;
#1658 = SURFACE_STYLE_FILL_AREA ( #279 ) ;
#1659 = DIRECTION ( 'NONE',  ( -1.000000000000000000, -0.0000000000000000000, -0.0000000000000000000 ) ) ;
#1660 = EDGE_LOOP ( 'NONE', ( #2331, #2790, #2489, #2371 ) ) ;
#1661 = DIRECTION ( 'NONE',  ( -0.0000000000000000000, -1.000000000000000000, -0.0000000000000000000 ) ) ;
#1662 = PLANE ( 'NONE',  #2787 ) ;
#1663 = VECTOR ( 'NONE', #2631, 1000.000000000000000 ) ;
#1664 = VECTOR ( 'NONE', #1359, 1000.000000000000000 ) ;
#1665 = FACE_OUTER_BOUND ( 'NONE', #2873, .T. ) ;
#1666 = CARTESIAN_POINT ( 'NONE',  ( 0.7715829222936326800, 0.0000000000000000000, 0.5352507166477413800 ) ) ;
#1667 = ORIENTED_EDGE ( 'NONE', *, *, #972, .F. ) ;
#1668 = CARTESIAN_POINT ( 'NONE',  ( -0.7357016169991782400, 0.02999999999999999900, 0.5705769147865067400 ) ) ;
#1669 = ORIENTED_EDGE ( 'NONE', *, *, #2882, .F. ) ;
#1670 = CARTESIAN_POINT ( 'NONE',  ( -0.7099804735160403200, -0.0000000000000000000, -0.5499999999999963800 ) ) ;
#1671 = EDGE_CURVE ( 'NONE', #352, #2682, #1569, .T. ) ;
#1672 = CARTESIAN_POINT ( 'NONE',  ( -0.7499999999999951200, 0.2699999999999999600, -0.4500000000000032900 ) ) ;
#1673 = DIRECTION ( 'NONE',  ( 0.0000000000000000000, 0.0000000000000000000, 1.000000000000000000 ) ) ;
#1674 = CARTESIAN_POINT ( 'NONE',  ( 0.8000000000000049300, 0.1200000000000000000, -0.6000000000000033100 ) ) ;
#1675 = CARTESIAN_POINT ( 'NONE',  ( -0.7715829222936351200, 0.0000000000000000000, -0.5352507166477475900 ) ) ;
#1676 = AXIS2_PLACEMENT_3D ( 'NONE', #2188, #736, #2411 ) ;
#1677 = DIRECTION ( 'NONE',  ( 0.0000000000000000000, -0.0000000000000000000, 1.000000000000000000 ) ) ;
#1678 = VERTEX_POINT ( 'NONE', #397 ) ;
#1679 = CARTESIAN_POINT ( 'NONE',  ( -0.7357016169991782400, 0.02999999999999999900, -0.5705769147865067400 ) ) ;
#1680 = DIRECTION ( 'NONE',  ( 0.0000000000000000000, 0.0000000000000000000, 1.000000000000000000 ) ) ;
#1681 = CARTESIAN_POINT ( 'NONE',  ( -0.6299999999999951200, 0.2699999999999999600, -0.5300000000000029100 ) ) ;
#1682 = EDGE_CURVE ( 'NONE', #918, #2996, #285, .T. ) ;
#1683 = ORIENTED_EDGE ( 'NONE', *, *, #604, .T. ) ;
#1684 = ADVANCED_BREP_SHAPE_REPRESENTATION ( 'NX1612SA-50M-EXS00A-CS08403', ( #2626, #146, #791, #1276, #1488, #836 ), #1972 ) ;
#1685 = EDGE_CURVE ( 'NONE', #2164, #1981, #1504, .T. ) ;
#1686 = VERTEX_POINT ( 'NONE', #2078 ) ;
#1687 = DIRECTION ( 'NONE',  ( 0.0000000000000000000, -1.000000000000000000, -0.0000000000000000000 ) ) ;
#1688 = DIRECTION ( 'NONE',  ( 0.0000000000000000000, 0.0000000000000000000, 1.000000000000000000 ) ) ;
#1689 = DIRECTION ( 'NONE',  ( 0.0000000000000000000, 0.0000000000000000000, 1.000000000000000000 ) ) ;
#1690 = ORIENTED_EDGE ( 'NONE', *, *, #16, .F. ) ;
#1691 = AXIS2_PLACEMENT_3D ( 'NONE', #1192, #2870, #1445 ) ;
#1692 = DIRECTION ( 'NONE',  ( 0.6246950475543547900, 0.0000000000000000000, 0.7808688094430859000 ) ) ;
#1693 = LINE ( 'NONE', #1470, #1039 ) ;
#1694 = LINE ( 'NONE', #2819, #298 ) ;
#1695 = VECTOR ( 'NONE', #3078, 1000.000000000000100 ) ;
#1696 = CARTESIAN_POINT ( 'NONE',  ( -0.6499999999999951400, 0.2699999999999999600, 0.4499999999999963500 ) ) ;
#1697 = ADVANCED_FACE ( 'NONE', ( #2037, #212 ), #2543, .T. ) ;
#1698 = EDGE_LOOP ( 'NONE', ( #2520, #560, #1253, #2842 ) ) ;
#1699 = AXIS2_PLACEMENT_3D ( 'NONE', #1141, #2815, #1387 ) ;
#1700 = CIRCLE ( 'NONE', #1647, 0.09999999999999999200 ) ;
#1701 = AXIS2_PLACEMENT_3D ( 'NONE', #429, #2114, #654 ) ;
#1702 = ORIENTED_EDGE ( 'NONE', *, *, #1685, .F. ) ;
#1703 = ORIENTED_EDGE ( 'NONE', *, *, #1740, .F. ) ;
#1704 = DIRECTION ( 'NONE',  ( 1.084202172485504400E-015, 0.0000000000000000000, 1.000000000000000000 ) ) ;
#1705 = ORIENTED_EDGE ( 'NONE', *, *, #2700, .F. ) ;
#1706 = CIRCLE ( 'NONE', #1849, 0.07071067811865462700 ) ;
#1707 = VECTOR ( 'NONE', #1424, 1000.000000000000100 ) ;
#1708 = VECTOR ( 'NONE', #3031, 1000.000000000000000 ) ;
#1709 = AXIS2_PLACEMENT_3D ( 'NONE', #1396, #3061, #1640 ) ;
#1710 = CARTESIAN_POINT ( 'NONE',  ( -0.6299999999999950100, 0.2999999999999999300, 0.4299999999999963300 ) ) ;
#1711 = AXIS2_PLACEMENT_3D ( 'NONE', #858, #2512, #1099 ) ;
#1712 = CARTESIAN_POINT ( 'NONE',  ( -0.7999999999999950500, 0.0000000000000000000, 0.5999999999999963100 ) ) ;
#1713 = EDGE_CURVE ( 'NONE', #2575, #2447, #1425, .T. ) ;
#1714 = DIRECTION ( 'NONE',  ( 0.0000000000000000000, 0.0000000000000000000, -1.000000000000000000 ) ) ;
#1715 = ADVANCED_FACE ( 'NONE', ( #1969 ), #1151, .F. ) ;
#1716 = EDGE_CURVE ( 'NONE', #354, #1543, #1318, .T. ) ;
#1717 = EDGE_LOOP ( 'NONE', ( #950, #1155, #1915, #3041 ) ) ;
#1718 = EDGE_LOOP ( 'NONE', ( #921, #1703, #1860, #230 ) ) ;
#1719 = FILL_AREA_STYLE_COLOUR ( '', #2430 ) ;
#1720 = VERTEX_POINT ( 'NONE', #1872 ) ;
#1721 = DIRECTION ( 'NONE',  ( -0.0000000000000000000, -1.000000000000000000, -0.0000000000000000000 ) ) ;
#1722 = ORIENTED_EDGE ( 'NONE', *, *, #2926, .F. ) ;
#1723 = CARTESIAN_POINT ( 'NONE',  ( 0.0000000000000000000, 0.2699999999999999600, 0.0000000000000000000 ) ) ;
#1724 = EDGE_CURVE ( 'NONE', #2682, #527, #2603, .T. ) ;
#1725 = PLANE ( 'NONE',  #1350 ) ;
#1726 = EDGE_CURVE ( 'NONE', #811, #1901, #100, .T. ) ;
#1727 = CARTESIAN_POINT ( 'NONE',  ( 0.7715829222936326800, 0.02999999999999999900, -0.5352507166477413800 ) ) ;
#1728 = LINE ( 'NONE', #1060, #1070 ) ;
#1729 = ADVANCED_FACE ( 'NONE', ( #598 ), #2837, .F. ) ;
#1730 = LINE ( 'NONE', #1826, #2265 ) ;
#1731 = ORIENTED_EDGE ( 'NONE', *, *, #2440, .F. ) ;
#1732 = AXIS2_PLACEMENT_3D ( 'NONE', #916, #3075, #1651 ) ;
#1733 = AXIS2_PLACEMENT_3D ( 'NONE', #2641, #497, #2191 ) ;
#1734 = ORIENTED_EDGE ( 'NONE', *, *, #1150, .T. ) ;
#1735 = VECTOR ( 'NONE', #314, 1000.000000000000000 ) ;
#1736 = ORIENTED_EDGE ( 'NONE', *, *, #2497, .T. ) ;
#1737 = APPLICATION_PROTOCOL_DEFINITION ( 'draft international standard', 'automotive_design', 1998, #29 ) ;
#1738 = ORIENTED_EDGE ( 'NONE', *, *, #1313, .T. ) ;
#1739 = VECTOR ( 'NONE', #1199, 1000.000000000000100 ) ;
#1740 = EDGE_CURVE ( 'NONE', #1090, #1616, #1904, .T. ) ;
#1741 = VECTOR ( 'NONE', #140, 1000.000000000000000 ) ;
#1742 = LINE ( 'NONE', #2341, #1086 ) ;
#1743 = ORIENTED_EDGE ( 'NONE', *, *, #1887, .T. ) ;
#1744 = ORIENTED_EDGE ( 'NONE', *, *, #889, .T. ) ;
#1745 = ORIENTED_EDGE ( 'NONE', *, *, #2680, .T. ) ;
#1746 = CARTESIAN_POINT ( 'NONE',  ( -0.2499999999999951200, 0.02999999999999999900, 0.1499999999999963900 ) ) ;
#1747 = EDGE_CURVE ( 'NONE', #2591, #2939, #3102, .T. ) ;
#1748 = CARTESIAN_POINT ( 'NONE',  ( -0.7099804735160403200, 0.0000000000000000000, 0.5499999999999963800 ) ) ;
#1749 = FACE_OUTER_BOUND ( 'NONE', #1249, .T. ) ;
#1750 = ORIENTED_EDGE ( 'NONE', *, *, #302, .F. ) ;
#1751 = CIRCLE ( 'NONE', #2470, 0.09999999999999999200 ) ;
#1752 = VERTEX_POINT ( 'NONE', #1655 ) ;
#1753 = VECTOR ( 'NONE', #2585, 1000.000000000000100 ) ;
#1754 = EDGE_CURVE ( 'NONE', #2730, #531, #2443, .T. ) ;
#1755 = ORIENTED_EDGE ( 'NONE', *, *, #2699, .F. ) ;
#1756 = CIRCLE ( 'NONE', #1499, 0.07071067811865462700 ) ;
#1757 = CARTESIAN_POINT ( 'NONE',  ( 0.6500000000000051300, 0.2699999999999999600, -0.5500000000000032600 ) ) ;
#1758 = ORIENTED_EDGE ( 'NONE', *, *, #1313, .F. ) ;
#1759 = VERTEX_POINT ( 'NONE', #221 ) ;
#1760 = VECTOR ( 'NONE', #211, 1000.000000000000100 ) ;
#1761 = LINE ( 'NONE', #2365, #1121 ) ;
#1762 = EDGE_CURVE ( 'NONE', #1759, #159, #535, .T. ) ;
#1763 = VECTOR ( 'NONE', #2130, 1000.000000000000000 ) ;
#1764 = CARTESIAN_POINT ( 'NONE',  ( -0.7499999999999951200, 0.0000000000000000000, 0.1499999999999963900 ) ) ;
#1765 = CARTESIAN_POINT ( 'NONE',  ( -0.7299999999999952100, 0.2999999999999999300, -0.4300000000000029900 ) ) ;
#1766 = LINE ( 'NONE', #5, #576 ) ;
#1767 = CARTESIAN_POINT ( 'NONE',  ( -0.7999999999999951600, 0.1200000000000000000, -0.6000000000000033100 ) ) ;
#1768 = ORIENTED_EDGE ( 'NONE', *, *, #2246, .F. ) ;
#1769 = VERTEX_POINT ( 'NONE', #468 ) ;
#1770 = ORIENTED_EDGE ( 'NONE', *, *, #794, .F. ) ;
#1771 = ORIENTED_EDGE ( 'NONE', *, *, #1863, .F. ) ;
#1772 = PLANE ( 'NONE',  #2725 ) ;
#1773 = DIRECTION ( 'NONE',  ( 0.0000000000000000000, 0.0000000000000000000, 1.000000000000000000 ) ) ;
#1774 = CARTESIAN_POINT ( 'NONE',  ( -0.3999999999999950800, 0.02999999999999999900, -0.5499999999999963800 ) ) ;
#1775 = AXIS2_PLACEMENT_3D ( 'NONE', #3012, #1601, #136 ) ;
#1776 = SURFACE_STYLE_USAGE ( .BOTH. , #77 ) ;
#1777 = FACE_OUTER_BOUND ( 'NONE', #2977, .T. ) ;
#1778 = LINE ( 'NONE', #2509, #1147 ) ;
#1779 = DIRECTION ( 'NONE',  ( -0.6246950475544247300, 0.0000000000000000000, 0.7808688094430299400 ) ) ;
#1780 = EDGE_LOOP ( 'NONE', ( #438, #86, #2408, #2976 ) ) ;
#1781 = ORIENTED_EDGE ( 'NONE', *, *, #38, .T. ) ;
#1782 = VECTOR ( 'NONE', #2198, 1000.000000000000000 ) ;
#1783 = ORIENTED_EDGE ( 'NONE', *, *, #3038, .F. ) ;
#1784 = DIRECTION ( 'NONE',  ( 0.0000000000000000000, 0.0000000000000000000, 1.000000000000000000 ) ) ;
#1785 = CARTESIAN_POINT ( 'NONE',  ( 0.7099804735160403200, 0.02999999999999999900, 0.5499999999999959400 ) ) ;
#1786 = CYLINDRICAL_SURFACE ( 'NONE', #1242, 0.07071067811865462700 ) ;
#1787 = LINE ( 'NONE', #378, #2432 ) ;
#1788 = ORIENTED_EDGE ( 'NONE', *, *, #2473, .F. ) ;
#1789 = DIRECTION ( 'NONE',  ( -0.0000000000000000000, 1.000000000000000000, -0.0000000000000000000 ) ) ;
#1790 = DIRECTION ( 'NONE',  ( 0.0000000000000000000, -0.0000000000000000000, -1.000000000000000000 ) ) ;
#1791 = AXIS2_PLACEMENT_3D ( 'NONE', #543, #2229, #792 ) ;
#1792 = EDGE_CURVE ( 'NONE', #165, #2136, #1808, .T. ) ;
#1793 = CARTESIAN_POINT ( 'NONE',  ( -0.7099804735160403200, 0.0000000000000000000, -0.5499999999999963800 ) ) ;
#1794 = CARTESIAN_POINT ( 'NONE',  ( 0.7099804735160403200, 0.0000000000000000000, 0.5499999999999959400 ) ) ;
#1795 = ORIENTED_EDGE ( 'NONE', *, *, #978, .F. ) ;
#1796 = DIRECTION ( 'NONE',  ( -0.0000000000000000000, -1.000000000000000000, -0.0000000000000000000 ) ) ;
#1797 = EDGE_CURVE ( 'NONE', #1446, #2575, #695, .T. ) ;
#1798 = ADVANCED_FACE ( 'NONE', ( #2933 ), #2178, .F. ) ;
#1799 = ORIENTED_EDGE ( 'NONE', *, *, #1364, .T. ) ;
#1800 = DIRECTION ( 'NONE',  ( -1.000000000000000000, 0.0000000000000000000, 0.0000000000000000000 ) ) ;
#1801 = DIRECTION ( 'NONE',  ( -0.0000000000000000000, 1.000000000000000000, -0.0000000000000000000 ) ) ;
#1802 = AXIS2_PLACEMENT_3D ( 'NONE', #1696, #1458, #717 ) ;
#1803 =( NAMED_UNIT ( * ) SI_UNIT ( $, .STERADIAN. ) SOLID_ANGLE_UNIT ( ) );
#1804 = PLANE ( 'NONE',  #275 ) ;
#1805 = VECTOR ( 'NONE', #1714, 1000.000000000000000 ) ;
#1806 = CARTESIAN_POINT ( 'NONE',  ( -0.7999999999999950500, 0.1200000000000000000, 0.5999999999999963100 ) ) ;
#1807 = ORIENTED_EDGE ( 'NONE', *, *, #701, .T. ) ;
#1808 = LINE ( 'NONE', #1191, #1197 ) ;
#1809 = EDGE_CURVE ( 'NONE', #2961, #2861, #1751, .T. ) ;
#1810 = VERTEX_POINT ( 'NONE', #1220 ) ;
#1811 = CARTESIAN_POINT ( 'NONE',  ( 0.7500000000000052200, 0.1200000000000000000, -0.4500000000000032300 ) ) ;
#1812 = FACE_OUTER_BOUND ( 'NONE', #2325, .T. ) ;
#1813 = EDGE_CURVE ( 'NONE', #1981, #2309, #1693, .T. ) ;
#1814 = ADVANCED_FACE ( 'NONE', ( #2300 ), #2192, .T. ) ;
#1815 = ORIENTED_EDGE ( 'NONE', *, *, #35, .T. ) ;
#1816 = ORIENTED_EDGE ( 'NONE', *, *, #2232, .T. ) ;
#1817 = VECTOR ( 'NONE', #1082, 1000.000000000000000 ) ;
#1818 = DIRECTION ( 'NONE',  ( 0.0000000000000000000, 0.0000000000000000000, -1.000000000000000000 ) ) ;
#1819 = DIRECTION ( 'NONE',  ( -1.000000000000000000, 0.0000000000000000000, 0.0000000000000000000 ) ) ;
#1820 = VERTEX_POINT ( 'NONE', #11 ) ;
#1821 =( LENGTH_UNIT ( ) NAMED_UNIT ( * ) SI_UNIT ( .MILLI., .METRE. ) );
#1822 = ORIENTED_EDGE ( 'NONE', *, *, #1863, .T. ) ;
#1823 = DIRECTION ( 'NONE',  ( 0.0000000000000000000, 1.000000000000000000, 0.0000000000000000000 ) ) ;
#1824 = VECTOR ( 'NONE', #198, 1000.000000000000000 ) ;
#1825 = VERTEX_POINT ( 'NONE', #2902 ) ;
#1826 = CARTESIAN_POINT ( 'NONE',  ( 0.7099804735160403200, 0.0000000000000000000, -0.5499999999999959400 ) ) ;
#1827 = LINE ( 'NONE', #2122, #1922 ) ;
#1828 = FACE_OUTER_BOUND ( 'NONE', #2697, .T. ) ;
#1829 = CARTESIAN_POINT ( 'NONE',  ( -0.6499999999999951400, 0.2699999999999999600, 0.4499999999999963500 ) ) ;
#1830 = AXIS2_PLACEMENT_3D ( 'NONE', #2344, #927, #2578 ) ;
#1831 = CARTESIAN_POINT ( 'NONE',  ( 0.7357016169991813500, 0.0000000000000000000, 0.5705769147865076300 ) ) ;
#1832 = AXIS2_PLACEMENT_3D ( 'NONE', #2161, #702, #1902 ) ;
#1833 = DIRECTION ( 'NONE',  ( 0.7808688094430299400, -0.0000000000000000000, 0.6246950475544247300 ) ) ;
#1834 = CARTESIAN_POINT ( 'NONE',  ( -0.7357016169991782400, 0.0000000000000000000, 0.5705769147865067400 ) ) ;
#1835 = LINE ( 'NONE', #253, #625 ) ;
#1836 = ADVANCED_FACE ( 'NONE', ( #2386, #386 ), #2415, .T. ) ;
#1837 = CARTESIAN_POINT ( 'NONE',  ( -0.7999999999999950500, 0.0000000000000000000, 0.5999999999999963100 ) ) ;
#1838 = DIRECTION ( 'NONE',  ( 1.000000000000000000, 0.0000000000000000000, 0.0000000000000000000 ) ) ;
#1839 = DIRECTION ( 'NONE',  ( -0.7808688094430290500, -0.0000000000000000000, 0.6246950475544259500 ) ) ;
#1840 = ORIENTED_EDGE ( 'NONE', *, *, #366, .F. ) ;
#1841 = ORIENTED_EDGE ( 'NONE', *, *, #27, .T. ) ;
#1842 = AXIS2_PLACEMENT_3D ( 'NONE', #1427, #3093, #1673 ) ;
#1843 = CARTESIAN_POINT ( 'NONE',  ( -0.7999999999999950500, 0.0000000000000000000, -0.5999999999999963100 ) ) ;
#1844 = DIRECTION ( 'NONE',  ( -0.0000000000000000000, 1.000000000000000000, -0.0000000000000000000 ) ) ;
#1845 = VERTEX_POINT ( 'NONE', #2423 ) ;
#1846 = ADVANCED_FACE ( 'NONE', ( #2234 ), #273, .F. ) ;
#1847 = ORIENTED_EDGE ( 'NONE', *, *, #1542, .F. ) ;
#1848 = DIRECTION ( 'NONE',  ( -0.0000000000000000000, 1.000000000000000000, 0.0000000000000000000 ) ) ;
#1849 = AXIS2_PLACEMENT_3D ( 'NONE', #3002, #1595, #126 ) ;
#1850 = CARTESIAN_POINT ( 'NONE',  ( -0.7999999999999951600, 0.0000000000000000000, -0.6000000000000033100 ) ) ;
#1851 = CARTESIAN_POINT ( 'NONE',  ( 0.2499999999999951200, 0.0000000000000000000, 0.2999999999999962100 ) ) ;
#1852 = EDGE_CURVE ( 'NONE', #1019, #2280, #477, .T. ) ;
#1853 = EDGE_CURVE ( 'NONE', #1572, #1078, #980, .T. ) ;
#1854 = DIRECTION ( 'NONE',  ( 0.0000000000000000000, -1.000000000000000000, 0.0000000000000000000 ) ) ;
#1855 = CARTESIAN_POINT ( 'NONE',  ( 0.7099804735160403200, 0.0000000000000000000, -0.5499999999999959400 ) ) ;
#1856 = ADVANCED_FACE ( 'NONE', ( #1530 ), #1152, .T. ) ;
#1857 = VECTOR ( 'NONE', #796, 1000.000000000000000 ) ;
#1858 = VECTOR ( 'NONE', #2791, 1000.000000000000000 ) ;
#1859 = AXIS2_PLACEMENT_3D ( 'NONE', #1391, #1649, #3071 ) ;
#1860 = ORIENTED_EDGE ( 'NONE', *, *, #748, .F. ) ;
#1861 = DIRECTION ( 'NONE',  ( 0.0000000000000000000, 1.000000000000000000, 0.0000000000000000000 ) ) ;
#1862 = VERTEX_POINT ( 'NONE', #1491 ) ;
#1863 = EDGE_CURVE ( 'NONE', #765, #339, #312, .T. ) ;
#1864 = DIRECTION ( 'NONE',  ( -0.0000000000000000000, -1.000000000000000000, -0.0000000000000000000 ) ) ;
#1865 = CARTESIAN_POINT ( 'NONE',  ( 0.0000000000000000000, 0.2999999999999999300, 0.0000000000000000000 ) ) ;
#1866 = CARTESIAN_POINT ( 'NONE',  ( -0.7499999999999951200, 0.0000000000000000000, -0.5179843788128317700 ) ) ;
#1867 = ORIENTED_EDGE ( 'NONE', *, *, #2609, .F. ) ;
#1868 = SHAPE_DEFINITION_REPRESENTATION ( #2289, #1684 ) ;
#1869 = FACE_OUTER_BOUND ( 'NONE', #942, .T. ) ;
#1870 = ADVANCED_FACE ( 'NONE', ( #2877 ), #935, .F. ) ;
#1871 = LINE ( 'NONE', #108, #1244 ) ;
#1872 = CARTESIAN_POINT ( 'NONE',  ( -0.2499999999999951200, 0.02999999999999999900, 0.5499999999999963800 ) ) ;
#1873 = CARTESIAN_POINT ( 'NONE',  ( 0.7099804735160403200, 0.0000000000000000000, 0.5499999999999959400 ) ) ;
#1874 = VERTEX_POINT ( 'NONE', #1873 ) ;
#1875 = CARTESIAN_POINT ( 'NONE',  ( -0.7099804735160403200, 0.02999999999999999900, 0.5499999999999963800 ) ) ;
#1876 = DIRECTION ( 'NONE',  ( -0.0000000000000000000, -1.000000000000000000, -0.0000000000000000000 ) ) ;
#1877 = AXIS2_PLACEMENT_3D ( 'NONE', #1548, #73, #1773 ) ;
#1878 =( LENGTH_UNIT ( ) NAMED_UNIT ( * ) SI_UNIT ( .MILLI., .METRE. ) );
#1879 = AXIS2_PLACEMENT_3D ( 'NONE', #1127, #2799, #1368 ) ;
#1880 = CARTESIAN_POINT ( 'NONE',  ( -0.7499999999999951200, 0.0000000000000000000, 0.1499999999999963900 ) ) ;
#1881 = DIRECTION ( 'NONE',  ( 0.0000000000000000000, -1.000000000000000000, 0.0000000000000000000 ) ) ;
#1882 = DIRECTION ( 'NONE',  ( 0.0000000000000000000, 0.0000000000000000000, -1.000000000000000000 ) ) ;
#1883 = VECTOR ( 'NONE', #2364, 1000.000000000000000 ) ;
#1884 = CARTESIAN_POINT ( 'NONE',  ( -0.7499999999999951200, 0.2699999999999999600, 0.4499999999999962900 ) ) ;
#1885 = CARTESIAN_POINT ( 'NONE',  ( 0.7715829222936326800, 0.02999999999999999900, 0.5352507166477413800 ) ) ;
#1886 = VERTEX_POINT ( 'NONE', #1415 ) ;
#1887 = EDGE_CURVE ( 'NONE', #1038, #1435, #2174, .T. ) ;
#1888 = DIRECTION ( 'NONE',  ( 0.7808688094430299400, 0.0000000000000000000, -0.6246950475544247300 ) ) ;
#1889 = CARTESIAN_POINT ( 'NONE',  ( 0.6300000000000050000, 0.2699999999999999600, 0.5299999999999961400 ) ) ;
#1890 = CARTESIAN_POINT ( 'NONE',  ( -0.7999999999999950500, 0.02999999999999999900, -0.5999999999999963100 ) ) ;
#1891 = EDGE_LOOP ( 'NONE', ( #1269, #805, #1263, #1001 ) ) ;
#1892 = CARTESIAN_POINT ( 'NONE',  ( 0.8000000000000049300, 0.0000000000000000000, -0.6000000000000033100 ) ) ;
#1893 = FILL_AREA_STYLE_COLOUR ( '', #1118 ) ;
#1894 = DIRECTION ( 'NONE',  ( -1.000000000000000000, 0.0000000000000000000, 0.0000000000000000000 ) ) ;
#1895 = ORIENTED_EDGE ( 'NONE', *, *, #1460, .T. ) ;
#1896 = DIRECTION ( 'NONE',  ( 0.0000000000000000000, -0.0000000000000000000, -1.000000000000000000 ) ) ;
#1897 = FILL_AREA_STYLE ('',( #678 ) ) ;
#1898 = DIRECTION ( 'NONE',  ( 0.6246950475544114100, 0.0000000000000000000, -0.7808688094430406000 ) ) ;
#1899 = DIRECTION ( 'NONE',  ( -2.710505431213762100E-016, -0.0000000000000000000, -1.000000000000000000 ) ) ;
#1900 = LINE ( 'NONE', #2897, #98 ) ;
#1901 = VERTEX_POINT ( 'NONE', #207 ) ;
#1902 = DIRECTION ( 'NONE',  ( 0.0000000000000000000, 0.0000000000000000000, 1.000000000000000000 ) ) ;
#1903 = CARTESIAN_POINT ( 'NONE',  ( 0.7499999999999951200, 0.0000000000000000000, 0.1499999999999962800 ) ) ;
#1904 = LINE ( 'NONE', #681, #1254 ) ;
#1905 = VERTEX_POINT ( 'NONE', #2138 ) ;
#1906 = LINE ( 'NONE', #1195, #3104 ) ;
#1907 = CARTESIAN_POINT ( 'NONE',  ( 0.2499999999999951200, 0.0000000000000000000, 0.2999999999999962100 ) ) ;
#1908 = CARTESIAN_POINT ( 'NONE',  ( -0.7099804735160403200, 0.0000000000000000000, 0.5499999999999963800 ) ) ;
#1909 = ORIENTED_EDGE ( 'NONE', *, *, #1464, .T. ) ;
#1910 = ORIENTED_EDGE ( 'NONE', *, *, #1599, .F. ) ;
#1911 = LINE ( 'NONE', #1793, #1817 ) ;
#1912 = EDGE_CURVE ( 'NONE', #1933, #989, #882, .T. ) ;
#1913 = VERTEX_POINT ( 'NONE', #2369 ) ;
#1914 = VERTEX_POINT ( 'NONE', #1182 ) ;
#1915 = ORIENTED_EDGE ( 'NONE', *, *, #2856, .F. ) ;
#1916 = CARTESIAN_POINT ( 'NONE',  ( -0.7715829222936326800, 0.0000000000000000000, -0.5352507166477418200 ) ) ;
#1917 = FACE_BOUND ( 'NONE', #848, .T. ) ;
#1918 = VECTOR ( 'NONE', #96, 1000.000000000000000 ) ;
#1919 = ORIENTED_EDGE ( 'NONE', *, *, #626, .F. ) ;
#1920 = CARTESIAN_POINT ( 'NONE',  ( 0.7357016169991782400, 0.02999999999999999900, 0.5705769147865064100 ) ) ;
#1921 = EDGE_CURVE ( 'NONE', #187, #558, #151, .T. ) ;
#1922 = VECTOR ( 'NONE', #2348, 1000.000000000000000 ) ;
#1923 = EDGE_CURVE ( 'NONE', #1648, #1476, #2644, .T. ) ;
#1924 = VECTOR ( 'NONE', #2563, 1000.000000000000000 ) ;
#1925 = VECTOR ( 'NONE', #1650, 1000.000000000000000 ) ;
#1926 = CARTESIAN_POINT ( 'NONE',  ( 0.7715829222936326800, 0.02999999999999999900, -0.5352507166477413800 ) ) ;
#1927 = LINE ( 'NONE', #241, #1214 ) ;
#1928 = CARTESIAN_POINT ( 'NONE',  ( -0.7499999999999951200, -0.0000000000000000000, -0.5179843788128317700 ) ) ;
#1929 = DIRECTION ( 'NONE',  ( -0.7808688094430406000, 0.0000000000000000000, -0.6246950475544114100 ) ) ;
#1930 = EDGE_CURVE ( 'NONE', #1298, #2467, #1996, .T. ) ;
#1931 = VERTEX_POINT ( 'NONE', #1889 ) ;
#1932 = CARTESIAN_POINT ( 'NONE',  ( -0.7499999999999951200, 0.0000000000000000000, 0.5179843788128317700 ) ) ;
#1933 = VERTEX_POINT ( 'NONE', #2156 ) ;
#1934 = CARTESIAN_POINT ( 'NONE',  ( -0.7099804735160403200, 0.02999999999999999900, 0.5499999999999963800 ) ) ;
#1935 = ADVANCED_FACE ( 'NONE', ( #1283 ), #2615, .F. ) ;
#1936 = DIRECTION ( 'NONE',  ( 0.0000000000000000000, 0.0000000000000000000, 1.000000000000000000 ) ) ;
#1937 = DIRECTION ( 'NONE',  ( -0.0000000000000000000, 1.000000000000000000, 0.0000000000000000000 ) ) ;
#1938 = CARTESIAN_POINT ( 'NONE',  ( -0.2499999999999951200, 0.02999999999999999900, -0.1499999999999963900 ) ) ;
#1939 = VECTOR ( 'NONE', #2936, 1000.000000000000000 ) ;
#1940 = PRESENTATION_STYLE_ASSIGNMENT (( #1776 ) ) ;
#1941 = LINE ( 'NONE', #2777, #1288 ) ;
#1942 = ORIENTED_EDGE ( 'NONE', *, *, #258, .F. ) ;
#1943 = DIRECTION ( 'NONE',  ( 0.0000000000000000000, -1.000000000000000000, 0.0000000000000000000 ) ) ;
#1944 = DIRECTION ( 'NONE',  ( -1.000000000000000000, 0.0000000000000000000, 0.0000000000000000000 ) ) ;
#1945 = ORIENTED_EDGE ( 'NONE', *, *, #2962, .T. ) ;
#1946 = DIRECTION ( 'NONE',  ( -0.0000000000000000000, 1.000000000000000000, 0.0000000000000000000 ) ) ;
#1947 = VERTEX_POINT ( 'NONE', #1748 ) ;
#1948 = CARTESIAN_POINT ( 'NONE',  ( 0.7715829222936326800, 0.0000000000000000000, -0.5352507166477413800 ) ) ;
#1949 = VERTEX_POINT ( 'NONE', #303 ) ;
#1950 = ADVANCED_FACE ( 'NONE', ( #737 ), #537, .F. ) ;
#1951 = VECTOR ( 'NONE', #987, 1000.000000000000000 ) ;
#1952 = FACE_OUTER_BOUND ( 'NONE', #1371, .T. ) ;
#1953 = CYLINDRICAL_SURFACE ( 'NONE', #648, 0.09999999999999999200 ) ;
#1954 = CYLINDRICAL_SURFACE ( 'NONE', #528, 0.07071067811865473800 ) ;
#1955 = VECTOR ( 'NONE', #430, 1000.000000000000100 ) ;
#1956 = VERTEX_POINT ( 'NONE', #2598 ) ;
#1957 = EDGE_LOOP ( 'NONE', ( #1867, #1109, #2218, #2169, #234, #1006, #229, #808, #2586, #1541, #2345, #2018, #1840, #2428, #747, #1510, #795, #128, #1205, #2196, #2039, #162, #2817, #2748, #1750, #1264, #1770, #3099, #1574, #282, #387, #1758, #2107, #1970, #746, #276, #222, #2298 ) ) ;
#1958 = SURFACE_SIDE_STYLE ('',( #1658 ) ) ;
#1959 = DIRECTION ( 'NONE',  ( -0.7808688094430290500, 0.0000000000000000000, 0.6246950475544259500 ) ) ;
#1960 = AXIS2_PLACEMENT_3D ( 'NONE', #1585, #2750, #2501 ) ;
#1961 = ORIENTED_EDGE ( 'NONE', *, *, #175, .T. ) ;
#1962 = EDGE_LOOP ( 'NONE', ( #1393, #1783, #1731, #897 ) ) ;
#1963 = ORIENTED_EDGE ( 'NONE', *, *, #3094, .F. ) ;
#1964 = AXIS2_PLACEMENT_3D ( 'NONE', #2225, #2695, #1261 ) ;
#1965 = EDGE_CURVE ( 'NONE', #2413, #1933, #2704, .T. ) ;
#1966 = VECTOR ( 'NONE', #2399, 1000.000000000000000 ) ;
#1967 = ORIENTED_EDGE ( 'NONE', *, *, #701, .F. ) ;
#1968 = EDGE_CURVE ( 'NONE', #165, #1476, #638, .T. ) ;
#1969 = FACE_OUTER_BOUND ( 'NONE', #2621, .T. ) ;
#1970 = ORIENTED_EDGE ( 'NONE', *, *, #1656, .F. ) ;
#1971 = VECTOR ( 'NONE', #225, 1000.000000000000000 ) ;
#1972 =( GEOMETRIC_REPRESENTATION_CONTEXT ( 3 ) GLOBAL_UNCERTAINTY_ASSIGNED_CONTEXT ( ( #727 ) ) GLOBAL_UNIT_ASSIGNED_CONTEXT ( ( #2420, #2666, #1237 ) ) REPRESENTATION_CONTEXT ( 'NONE', 'WORKASPACE' ) );
#1973 = VERTEX_POINT ( 'NONE', #1268 ) ;
#1974 = FACE_OUTER_BOUND ( 'NONE', #759, .T. ) ;
#1975 = ORIENTED_EDGE ( 'NONE', *, *, #1194, .F. ) ;
#1976 = ORIENTED_EDGE ( 'NONE', *, *, #2407, .F. ) ;
#1977 = ORIENTED_EDGE ( 'NONE', *, *, #2069, .T. ) ;
#1978 = EDGE_CURVE ( 'NONE', #3072, #2449, #2551, .T. ) ;
#1979 = VECTOR ( 'NONE', #2814, 1000.000000000000000 ) ;
#1980 = FACE_OUTER_BOUND ( 'NONE', #268, .T. ) ;
#1981 = VERTEX_POINT ( 'NONE', #1757 ) ;
#1982 = EDGE_CURVE ( 'NONE', #923, #1552, #7, .T. ) ;
#1983 = LINE ( 'NONE', #142, #52 ) ;
#1984 = VECTOR ( 'NONE', #164, 1000.000000000000000 ) ;
#1985 = FACE_OUTER_BOUND ( 'NONE', #1620, .T. ) ;
#1986 = ORIENTED_EDGE ( 'NONE', *, *, #2368, .T. ) ;
#1987 = CARTESIAN_POINT ( 'NONE',  ( -0.7499999999999951200, 0.02999999999999999900, 0.5179843788128317700 ) ) ;
#1988 = CYLINDRICAL_SURFACE ( 'NONE', #2436, 0.04578647998353156700 ) ;
#1989 = CARTESIAN_POINT ( 'NONE',  ( 0.8000000000000049300, 0.1200000000000000000, -0.6000000000000033100 ) ) ;
#1990 = VERTEX_POINT ( 'NONE', #1277 ) ;
#1991 = PLANE ( 'NONE',  #3092 ) ;
#1992 = AXIS2_PLACEMENT_3D ( 'NONE', #1451, #1687, #2871 ) ;
#1993 = ORIENTED_EDGE ( 'NONE', *, *, #71, .T. ) ;
#1994 = CARTESIAN_POINT ( 'NONE',  ( 0.3999999999999950800, 0.0000000000000000000, 0.1499999999999962800 ) ) ;
#1995 = AXIS2_PLACEMENT_3D ( 'NONE', #3076, #206, #1888 ) ;
#1996 = LINE ( 'NONE', #470, #68 ) ;
#1997 = FACE_OUTER_BOUND ( 'NONE', #2052, .T. ) ;
#1998 = PLANE ( 'NONE',  #467 ) ;
#1999 = AXIS2_PLACEMENT_3D ( 'NONE', #1829, #392, #2077 ) ;
#2000 = DIRECTION ( 'NONE',  ( 0.0000000000000000000, 0.0000000000000000000, -1.000000000000000000 ) ) ;
#2001 = VECTOR ( 'NONE', #2079, 1000.000000000000000 ) ;
#2002 = ORIENTED_EDGE ( 'NONE', *, *, #889, .F. ) ;
#2003 = ORIENTED_EDGE ( 'NONE', *, *, #984, .T. ) ;
#2004 = EDGE_CURVE ( 'NONE', #114, #1497, #1231, .T. ) ;
#2005 = EDGE_CURVE ( 'NONE', #749, #991, #2474, .T. ) ;
#2006 = LINE ( 'NONE', #2537, #1531 ) ;
#2007 = ORIENTED_EDGE ( 'NONE', *, *, #2808, .F. ) ;
#2008 = ORIENTED_EDGE ( 'NONE', *, *, #1103, .F. ) ;
#2009 = DIRECTION ( 'NONE',  ( -1.000000000000000000, 0.0000000000000000000, -0.0000000000000000000 ) ) ;
#2010 = ORIENTED_EDGE ( 'NONE', *, *, #2882, .T. ) ;
#2011 = EDGE_LOOP ( 'NONE', ( #1961, #2002, #2689, #335 ) ) ;
#2012 = LINE ( 'NONE', #2173, #1951 ) ;
#2013 = VECTOR ( 'NONE', #1163, 1000.000000000000000 ) ;
#2014 =( NAMED_UNIT ( * ) PLANE_ANGLE_UNIT ( ) SI_UNIT ( $, .RADIAN. ) );
#2015 = VECTOR ( 'NONE', #2028, 1000.000000000000000 ) ;
#2016 = VECTOR ( 'NONE', #924, 1000.000000000000000 ) ;
#2017 = ORIENTED_EDGE ( 'NONE', *, *, #855, .F. ) ;
#2018 = ORIENTED_EDGE ( 'NONE', *, *, #2827, .T. ) ;
#2019 = EDGE_CURVE ( 'NONE', #2029, #2961, #2421, .T. ) ;
#2020 = PLANE ( 'NONE',  #2983 ) ;
#2021 = CARTESIAN_POINT ( 'NONE',  ( -0.6499999999999951400, 0.2699999999999999600, 0.5499999999999963800 ) ) ;
#2022 = ORIENTED_EDGE ( 'NONE', *, *, #414, .T. ) ;
#2023 = ORIENTED_EDGE ( 'NONE', *, *, #2032, .T. ) ;
#2024 = ORIENTED_EDGE ( 'NONE', *, *, #2934, .T. ) ;
#2025 = DIRECTION ( 'NONE',  ( 0.0000000000000000000, 0.0000000000000000000, 1.000000000000000000 ) ) ;
#2026 = ORIENTED_EDGE ( 'NONE', *, *, #564, .T. ) ;
#2027 = AXIS2_PLACEMENT_3D ( 'NONE', #2, #2893, #1228 ) ;
#2028 = DIRECTION ( 'NONE',  ( -1.000000000000000000, 0.0000000000000000000, 0.0000000000000000000 ) ) ;
#2029 = VERTEX_POINT ( 'NONE', #557 ) ;
#2030 = DIRECTION ( 'NONE',  ( -0.6246950475544066400, 0.0000000000000000000, 0.7808688094430443800 ) ) ;
#2031 = DIRECTION ( 'NONE',  ( 1.000000000000000000, 0.0000000000000000000, 0.0000000000000000000 ) ) ;
#2032 = EDGE_CURVE ( 'NONE', #2575, #2513, #3030, .T. ) ;
#2033 = VECTOR ( 'NONE', #2868, 1000.000000000000000 ) ;
#2034 = ORIENTED_EDGE ( 'NONE', *, *, #2367, .F. ) ;
#2035 = CARTESIAN_POINT ( 'NONE',  ( -0.7499999999999951200, 0.02999999999999999900, 0.5179843788128317700 ) ) ;
#2036 = ADVANCED_FACE ( 'NONE', ( #1777 ), #1772, .F. ) ;
#2037 = FACE_OUTER_BOUND ( 'NONE', #719, .T. ) ;
#2038 = DIRECTION ( 'NONE',  ( -0.0000000000000000000, -1.000000000000000000, -0.0000000000000000000 ) ) ;
#2039 = ORIENTED_EDGE ( 'NONE', *, *, #1762, .F. ) ;
#2040 = PLANE ( 'NONE',  #3050 ) ;
#2041 = ORIENTED_EDGE ( 'NONE', *, *, #1018, .F. ) ;
#2042 = CARTESIAN_POINT ( 'NONE',  ( -0.6499999999999951400, 0.2699999999999999600, -0.4500000000000032900 ) ) ;
#2043 = VECTOR ( 'NONE', #2810, 1000.000000000000000 ) ;
#2044 = ORIENTED_EDGE ( 'NONE', *, *, #2700, .T. ) ;
#2045 = ORIENTED_EDGE ( 'NONE', *, *, #555, .F. ) ;
#2046 = DIRECTION ( 'NONE',  ( -0.0000000000000000000, 1.000000000000000000, -0.0000000000000000000 ) ) ;
#2047 = DIRECTION ( 'NONE',  ( 1.000000000000000000, -0.0000000000000000000, -0.0000000000000000000 ) ) ;
#2048 = LINE ( 'NONE', #1629, #119 ) ;
#2049 = AXIS2_PLACEMENT_3D ( 'NONE', #2978, #2030, #585 ) ;
#2050 = LINE ( 'NONE', #185, #1443 ) ;
#2051 = DIRECTION ( 'NONE',  ( -0.0000000000000000000, 0.0000000000000000000, 1.000000000000000000 ) ) ;
#2052 = EDGE_LOOP ( 'NONE', ( #1439, #728, #2034, #828 ) ) ;
#2053 = DIRECTION ( 'NONE',  ( -0.7808688094430290500, 0.0000000000000000000, 0.6246950475544259500 ) ) ;
#2054 = ORIENTED_EDGE ( 'NONE', *, *, #3024, .F. ) ;
#2055 = ADVANCED_FACE ( 'NONE', ( #2159 ), #2040, .F. ) ;
#2056 = LINE ( 'NONE', #2336, #1270 ) ;
#2057 = VECTOR ( 'NONE', #1839, 1000.000000000000100 ) ;
#2058 = VECTOR ( 'NONE', #2375, 1000.000000000000000 ) ;
#2059 = DIRECTION ( 'NONE',  ( 0.6246950475544247300, 0.0000000000000000000, -0.7808688094430299400 ) ) ;
#2060 = EDGE_LOOP ( 'NONE', ( #1919, #2706, #2518, #2565 ) ) ;
#2061 = DIRECTION ( 'NONE',  ( -0.0000000000000000000, 1.000000000000000000, -0.0000000000000000000 ) ) ;
#2062 = VECTOR ( 'NONE', #802, 1000.000000000000000 ) ;
#2063 = CARTESIAN_POINT ( 'NONE',  ( 0.6300000000000051100, 0.2699999999999999600, -0.5300000000000032500 ) ) ;
#2064 = DIRECTION ( 'NONE',  ( -0.0000000000000000000, -0.0000000000000000000, 1.000000000000000000 ) ) ;
#2065 = DIRECTION ( 'NONE',  ( 1.000000000000000000, 0.0000000000000000000, -9.035018104045873200E-017 ) ) ;
#2066 = CARTESIAN_POINT ( 'NONE',  ( 0.2499999999999951200, 0.0000000000000000000, -0.1499999999999962800 ) ) ;
#2067 = AXIS2_PLACEMENT_3D ( 'NONE', #2514, #1334, #3003 ) ;
#2068 =( NAMED_UNIT ( * ) SI_UNIT ( $, .STERADIAN. ) SOLID_ANGLE_UNIT ( ) );
#2069 = EDGE_CURVE ( 'NONE', #2076, #2567, #1516, .T. ) ;
#2070 = EDGE_CURVE ( 'NONE', #1990, #1328, #963, .T. ) ;
#2071 = CARTESIAN_POINT ( 'NONE',  ( -0.6299999999999950100, 0.2999999999999999300, 0.5299999999999962500 ) ) ;
#2072 = ORIENTED_EDGE ( 'NONE', *, *, #2448, .F. ) ;
#2073 = CARTESIAN_POINT ( 'NONE',  ( 0.6300000000000050000, 0.2999999999999999300, 0.5299999999999961400 ) ) ;
#2074 = ADVANCED_FACE ( 'NONE', ( #856 ), #1804, .F. ) ;
#2075 = ORIENTED_EDGE ( 'NONE', *, *, #733, .T. ) ;
#2076 = VERTEX_POINT ( 'NONE', #1590 ) ;
#2077 = DIRECTION ( 'NONE',  ( 0.0000000000000000000, 0.0000000000000000000, 1.000000000000000000 ) ) ;
#2078 = CARTESIAN_POINT ( 'NONE',  ( 0.7357016169991813500, 0.02999999999999999900, 0.5705769147865076300 ) ) ;
#2079 = DIRECTION ( 'NONE',  ( -0.0000000000000000000, 1.000000000000000000, -0.0000000000000000000 ) ) ;
#2080 = EDGE_CURVE ( 'NONE', #2690, #1845, #2759, .T. ) ;
#2081 = CARTESIAN_POINT ( 'NONE',  ( -0.7999999999999950500, 0.02999999999999999900, 0.5999999999999963100 ) ) ;
#2082 = VECTOR ( 'NONE', #951, 1000.000000000000000 ) ;
#2083 = LINE ( 'NONE', #1363, #1467 ) ;
#2084 = VERTEX_POINT ( 'NONE', #2516 ) ;
#2085 = DIRECTION ( 'NONE',  ( 0.7808688094430859000, 0.0000000000000000000, -0.6246950475543547900 ) ) ;
#2086 = CARTESIAN_POINT ( 'NONE',  ( 0.6500000000000051300, 0.1200000000000000000, -0.5500000000000032600 ) ) ;
#2087 = ORIENTED_EDGE ( 'NONE', *, *, #2811, .T. ) ;
#2088 = DIRECTION ( 'NONE',  ( 0.0000000000000000000, 0.0000000000000000000, -1.000000000000000000 ) ) ;
#2089 = CARTESIAN_POINT ( 'NONE',  ( 0.6500000000000051300, 0.2699999999999999600, -0.5500000000000032600 ) ) ;
#2090 = VECTOR ( 'NONE', #2770, 1000.000000000000100 ) ;
#2091 = CARTESIAN_POINT ( 'NONE',  ( 0.7099804735160403200, 0.0000000000000000000, 0.5499999999999959400 ) ) ;
#2092 = ORIENTED_EDGE ( 'NONE', *, *, #2214, .T. ) ;
#2093 = ADVANCED_FACE ( 'NONE', ( #123 ), #861, .F. ) ;
#2094 = EDGE_LOOP ( 'NONE', ( #400, #1235, #2054, #679 ) ) ;
#2095 = CARTESIAN_POINT ( 'NONE',  ( 0.7999999999999950500, 0.0000000000000000000, -0.5999999999999959800 ) ) ;
#2096 = ORIENTED_EDGE ( 'NONE', *, *, #1065, .T. ) ;
#2097 = VECTOR ( 'NONE', #226, 1000.000000000000000 ) ;
#2098 = CARTESIAN_POINT ( 'NONE',  ( 0.7499999999999951200, 0.02999999999999999900, 0.1499999999999962800 ) ) ;
#2099 = LINE ( 'NONE', #1630, #171 ) ;
#2100 = DIRECTION ( 'NONE',  ( 0.0000000000000000000, 0.0000000000000000000, 1.000000000000000000 ) ) ;
#2101 = AXIS2_PLACEMENT_3D ( 'NONE', #1989, #547, #2238 ) ;
#2102 = CARTESIAN_POINT ( 'NONE',  ( -0.7499999999999951200, 0.0000000000000000000, 0.1499999999999963900 ) ) ;
#2103 = CARTESIAN_POINT ( 'NONE',  ( 0.7499999999999951200, 0.02999999999999999900, 0.5179843788128313300 ) ) ;
#2104 = DIRECTION ( 'NONE',  ( 0.7808688094430859000, 0.0000000000000000000, -0.6246950475543547900 ) ) ;
#2105 = LINE ( 'NONE', #599, #2488 ) ;
#2106 = FACE_OUTER_BOUND ( 'NONE', #2247, .T. ) ;
#2107 = ORIENTED_EDGE ( 'NONE', *, *, #2535, .T. ) ;
#2108 = ORIENTED_EDGE ( 'NONE', *, *, #522, .F. ) ;
#2109 = CARTESIAN_POINT ( 'NONE',  ( -0.7357016169991782400, 0.0000000000000000000, 0.5705769147865067400 ) ) ;
#2110 = DIRECTION ( 'NONE',  ( 0.0000000000000000000, 0.0000000000000000000, 1.000000000000000000 ) ) ;
#2111 = ADVANCED_FACE ( 'NONE', ( #2622 ), #1342, .T. ) ;
#2112 = CARTESIAN_POINT ( 'NONE',  ( 0.7499999999999951200, 0.02999999999999999900, -0.1499999999999962800 ) ) ;
#2113 = CARTESIAN_POINT ( 'NONE',  ( -0.7299999999999951000, 0.2699999999999999600, 0.5299999999999962500 ) ) ;
#2114 = DIRECTION ( 'NONE',  ( 0.0000000000000000000, -1.000000000000000000, -0.0000000000000000000 ) ) ;
#2115 = DIRECTION ( 'NONE',  ( 0.0000000000000000000, -0.0000000000000000000, 1.000000000000000000 ) ) ;
#2116 = ORIENTED_EDGE ( 'NONE', *, *, #1222, .T. ) ;
#2117 = ADVANCED_FACE ( 'NONE', ( #1448 ), #1112, .F. ) ;
#2118 = ORIENTED_EDGE ( 'NONE', *, *, #2396, .T. ) ;
#2119 = DIRECTION ( 'NONE',  ( -0.0000000000000000000, 1.000000000000000000, -0.0000000000000000000 ) ) ;
#2120 = DIRECTION ( 'NONE',  ( 0.0000000000000000000, 0.0000000000000000000, -1.000000000000000000 ) ) ;
#2121 = CARTESIAN_POINT ( 'NONE',  ( -0.7357016169991782400, 0.02999999999999999900, -0.5705769147865067400 ) ) ;
#2122 = CARTESIAN_POINT ( 'NONE',  ( -0.7499999999999951200, -0.0000000000000000000, -0.1499999999999963900 ) ) ;
#2123 = VERTEX_POINT ( 'NONE', #872 ) ;
#2124 = ORIENTED_EDGE ( 'NONE', *, *, #343, .F. ) ;
#2125 = ORIENTED_EDGE ( 'NONE', *, *, #1978, .T. ) ;
#2126 = CARTESIAN_POINT ( 'NONE',  ( 0.7715829222936326800, 0.02999999999999999900, -0.5352507166477413800 ) ) ;
#2127 = PLANE ( 'NONE',  #826 ) ;
#2128 =( NAMED_UNIT ( * ) SI_UNIT ( $, .STERADIAN. ) SOLID_ANGLE_UNIT ( ) );
#2129 = DIRECTION ( 'NONE',  ( 0.0000000000000000000, 0.0000000000000000000, -1.000000000000000000 ) ) ;
#2130 = DIRECTION ( 'NONE',  ( 0.0000000000000000000, 0.0000000000000000000, 1.000000000000000000 ) ) ;
#2131 = AXIS2_PLACEMENT_3D ( 'NONE', #1570, #93, #1790 ) ;
#2132 = DIRECTION ( 'NONE',  ( -0.0000000000000000000, 1.000000000000000000, -0.0000000000000000000 ) ) ;
#2133 = FACE_OUTER_BOUND ( 'NONE', #2903, .T. ) ;
#2134 = DIRECTION ( 'NONE',  ( 0.0000000000000000000, -1.000000000000000000, 0.0000000000000000000 ) ) ;
#2135 = VECTOR ( 'NONE', #1833, 1000.000000000000000 ) ;
#2136 = VERTEX_POINT ( 'NONE', #3017 ) ;
#2137 = EDGE_CURVE ( 'NONE', #908, #749, #1983, .T. ) ;
#2138 = CARTESIAN_POINT ( 'NONE',  ( 0.7499999999999951200, 0.02999999999999999900, -0.1499999999999962800 ) ) ;
#2139 = UNCERTAINTY_MEASURE_WITH_UNIT (LENGTH_MEASURE( 1.000000000000000100E-005 ), #2209, 'distance_accuracy_value', 'NONE');
#2140 = DIRECTION ( 'NONE',  ( -0.0000000000000000000, 1.000000000000000000, -0.0000000000000000000 ) ) ;
#2141 = PLANE ( 'NONE',  #2950 ) ;
#2142 = DIRECTION ( 'NONE',  ( 0.7071067811865474600, 0.0000000000000000000, 0.7071067811865474600 ) ) ;
#2143 = FILL_AREA_STYLE ('',( #1893 ) ) ;
#2144 = ORIENTED_EDGE ( 'NONE', *, *, #2295, .T. ) ;
#2145 = CARTESIAN_POINT ( 'NONE',  ( -0.7357016169991782400, 0.02999999999999999900, 0.5705769147865067400 ) ) ;
#2146 = FACE_OUTER_BOUND ( 'NONE', #1447, .T. ) ;
#2147 = ORIENTED_EDGE ( 'NONE', *, *, #370, .F. ) ;
#2148 = DIRECTION ( 'NONE',  ( 0.0000000000000000000, -0.0000000000000000000, -1.000000000000000000 ) ) ;
#2149 = SURFACE_STYLE_USAGE ( .BOTH. , #464 ) ;
#2150 = ORIENTED_EDGE ( 'NONE', *, *, #2972, .T. ) ;
#2151 = EDGE_CURVE ( 'NONE', #1330, #1956, #2691, .T. ) ;
#2152 = CARTESIAN_POINT ( 'NONE',  ( -0.7499999999999951200, 0.2699999999999999600, -0.5500000000000032600 ) ) ;
#2153 = CIRCLE ( 'NONE', #1879, 0.07071067811865462700 ) ;
#2154 = CIRCLE ( 'NONE', #2230, 0.07071067811865473800 ) ;
#2155 = CARTESIAN_POINT ( 'NONE',  ( -0.7999999999999950500, 0.1200000000000000000, 0.5999999999999963100 ) ) ;
#2156 = CARTESIAN_POINT ( 'NONE',  ( -0.2499999999999951200, 0.0000000000000000000, -0.1499999999999963900 ) ) ;
#2157 = ORIENTED_EDGE ( 'NONE', *, *, #336, .T. ) ;
#2158 = VERTEX_POINT ( 'NONE', #172 ) ;
#2159 = FACE_OUTER_BOUND ( 'NONE', #2547, .T. ) ;
#2160 = LINE ( 'NONE', #2849, #1345 ) ;
#2161 = CARTESIAN_POINT ( 'NONE',  ( -0.7999999999999950500, 0.0000000000000000000, -0.5999999999999963100 ) ) ;
#2162 = AXIS2_PLACEMENT_3D ( 'NONE', #1477, #269, #1944 ) ;
#2163 = CARTESIAN_POINT ( 'NONE',  ( 0.7300000000000052000, 0.2999999999999999300, 0.5299999999999961400 ) ) ;
#2164 = VERTEX_POINT ( 'NONE', #424 ) ;
#2165 = DIRECTION ( 'NONE',  ( -0.0000000000000000000, -1.000000000000000000, -0.0000000000000000000 ) ) ;
#2166 = VECTOR ( 'NONE', #2458, 1000.000000000000000 ) ;
#2167 = EDGE_CURVE ( 'NONE', #1446, #1686, #619, .T. ) ;
#2168 = EDGE_CURVE ( 'NONE', #989, #1078, #2056, .T. ) ;
#2169 = ORIENTED_EDGE ( 'NONE', *, *, #67, .F. ) ;
#2170 = DIRECTION ( 'NONE',  ( -0.7808688094430290500, 0.0000000000000000000, -0.6246950475544259500 ) ) ;
#2171 = VERTEX_POINT ( 'NONE', #2570 ) ;
#2172 = CARTESIAN_POINT ( 'NONE',  ( 0.6500000000000051300, 0.2699999999999999600, -0.4500000000000032900 ) ) ;
#2173 = CARTESIAN_POINT ( 'NONE',  ( -0.7499999999999951200, 0.1200000000000000000, 0.5499999999999963800 ) ) ;
#2174 = LINE ( 'NONE', #2838, #803 ) ;
#2175 = AXIS2_PLACEMENT_3D ( 'NONE', #1138, #2812, #1383 ) ;
#2176 = DIRECTION ( 'NONE',  ( -0.0000000000000000000, -0.0000000000000000000, -1.000000000000000000 ) ) ;
#2177 = ORIENTED_EDGE ( 'NONE', *, *, #306, .F. ) ;
#2178 = PLANE ( 'NONE',  #2648 ) ;
#2179 = DIRECTION ( 'NONE',  ( -1.000000000000000000, 0.0000000000000000000, -0.0000000000000000000 ) ) ;
#2180 = ADVANCED_FACE ( 'NONE', ( #2527 ), #2822, .F. ) ;
#2181 = CIRCLE ( 'NONE', #97, 0.07071067811865473800 ) ;
#2182 = ORIENTED_EDGE ( 'NONE', *, *, #1797, .F. ) ;
#2183 = VERTEX_POINT ( 'NONE', #1395 ) ;
#2184 = ORIENTED_EDGE ( 'NONE', *, *, #793, .F. ) ;
#2185 = DIRECTION ( 'NONE',  ( -0.0000000000000000000, -1.000000000000000000, -0.0000000000000000000 ) ) ;
#2186 = ORIENTED_EDGE ( 'NONE', *, *, #1116, .T. ) ;
#2187 = AXIS2_PLACEMENT_3D ( 'NONE', #2155, #698, #2379 ) ;
#2188 = CARTESIAN_POINT ( 'NONE',  ( 0.6300000000000051100, 0.2699999999999999600, -0.4300000000000032700 ) ) ;
#2189 = VECTOR ( 'NONE', #703, 1000.000000000000000 ) ;
#2190 = LINE ( 'NONE', #167, #1382 ) ;
#2191 = DIRECTION ( 'NONE',  ( 0.0000000000000000000, 0.0000000000000000000, 1.000000000000000000 ) ) ;
#2192 = PLANE ( 'NONE',  #6 ) ;
#2193 = VECTOR ( 'NONE', #2726, 1000.000000000000000 ) ;
#2194 = FACE_OUTER_BOUND ( 'NONE', #141, .T. ) ;
#2195 = EDGE_CURVE ( 'NONE', #3014, #504, #1827, .T. ) ;
#2196 = ORIENTED_EDGE ( 'NONE', *, *, #623, .F. ) ;
#2197 = EDGE_CURVE ( 'NONE', #1328, #2260, #1212, .T. ) ;
#2198 = DIRECTION ( 'NONE',  ( -0.0000000000000000000, 1.000000000000000000, -0.0000000000000000000 ) ) ;
#2199 = ADVANCED_FACE ( 'NONE', ( #2460 ), #1409, .F. ) ;
#2200 = DIRECTION ( 'NONE',  ( -0.0000000000000000000, 1.000000000000000000, -0.0000000000000000000 ) ) ;
#2201 = ORIENTED_EDGE ( 'NONE', *, *, #823, .F. ) ;
#2202 = DIRECTION ( 'NONE',  ( -0.0000000000000000000, -1.000000000000000000, -0.0000000000000000000 ) ) ;
#2203 = AXIS2_PLACEMENT_3D ( 'NONE', #661, #2119, #433 ) ;
#2204 = CLOSED_SHELL ( 'NONE', ( #1130, #2545, #3045, #1348, #840, #2074, #1324, #2668, #2418, #628 ) ) ;
#2205 = DIRECTION ( 'NONE',  ( -0.7808688094429656600, 0.0000000000000000000, 0.6246950475545051100 ) ) ;
#2206 = ORIENTED_EDGE ( 'NONE', *, *, #3027, .T. ) ;
#2207 = EDGE_CURVE ( 'NONE', #2496, #1914, #549, .T. ) ;
#2208 = VERTEX_POINT ( 'NONE', #450 ) ;
#2209 =( LENGTH_UNIT ( ) NAMED_UNIT ( * ) SI_UNIT ( .MILLI., .METRE. ) );
#2210 = VECTOR ( 'NONE', #2728, 1000.000000000000000 ) ;
#2211 = FACE_OUTER_BOUND ( 'NONE', #570, .T. ) ;
#2212 = ORIENTED_EDGE ( 'NONE', *, *, #3028, .T. ) ;
#2213 = ORIENTED_EDGE ( 'NONE', *, *, #2597, .F. ) ;
#2214 = EDGE_CURVE ( 'NONE', #1752, #3014, #1761, .T. ) ;
#2215 = EDGE_CURVE ( 'NONE', #1412, #918, #2947, .T. ) ;
#2216 = VECTOR ( 'NONE', #87, 1000.000000000000000 ) ;
#2217 = ORIENTED_EDGE ( 'NONE', *, *, #1170, .T. ) ;
#2218 = ORIENTED_EDGE ( 'NONE', *, *, #669, .T. ) ;
#2219 = LINE ( 'NONE', #729, #292 ) ;
#2220 = CIRCLE ( 'NONE', #59, 0.07071067811865473800 ) ;
#2221 = ORIENTED_EDGE ( 'NONE', *, *, #1502, .T. ) ;
#2222 = ORIENTED_EDGE ( 'NONE', *, *, #1965, .F. ) ;
#2223 = LINE ( 'NONE', #1746, #1031 ) ;
#2224 = ORIENTED_EDGE ( 'NONE', *, *, #2710, .T. ) ;
#2225 = CARTESIAN_POINT ( 'NONE',  ( 0.2499999999999951200, 0.02999999999999999900, 0.5499999999999959400 ) ) ;
#2226 = ORIENTED_EDGE ( 'NONE', *, *, #2701, .T. ) ;
#2227 = CARTESIAN_POINT ( 'NONE',  ( -0.7499999999999951200, 0.02999999999999999900, 0.5179843788128317700 ) ) ;
#2228 = ORIENTED_EDGE ( 'NONE', *, *, #486, .F. ) ;
#2229 = DIRECTION ( 'NONE',  ( 0.0000000000000000000, 1.000000000000000000, 0.0000000000000000000 ) ) ;
#2230 = AXIS2_PLACEMENT_3D ( 'NONE', #664, #2347, #932 ) ;
#2231 = ORIENTED_EDGE ( 'NONE', *, *, #1377, .F. ) ;
#2232 = EDGE_CURVE ( 'NONE', #893, #2499, #491, .T. ) ;
#2233 = EDGE_CURVE ( 'NONE', #2292, #1049, #2315, .T. ) ;
#2234 = FACE_OUTER_BOUND ( 'NONE', #1469, .T. ) ;
#2235 = ORIENTED_EDGE ( 'NONE', *, *, #306, .T. ) ;
#2236 = VECTOR ( 'NONE', #183, 1000.000000000000000 ) ;
#2237 = CARTESIAN_POINT ( 'NONE',  ( 0.8000000000000052600, 0.0000000000000000000, 0.5292893218813415900 ) ) ;
#2238 = DIRECTION ( 'NONE',  ( 0.0000000000000000000, 0.0000000000000000000, 1.000000000000000000 ) ) ;
#2239 = LINE ( 'NONE', #374, #1044 ) ;
#2240 = VERTEX_POINT ( 'NONE', #798 ) ;
#2241 = CARTESIAN_POINT ( 'NONE',  ( 0.7999999999999950500, 0.02999999999999999900, -0.5999999999999959800 ) ) ;
#2242 = VECTOR ( 'NONE', #1304, 1000.000000000000000 ) ;
#2243 = ORIENTED_EDGE ( 'NONE', *, *, #2659, .T. ) ;
#2244 = DIRECTION ( 'NONE',  ( 0.0000000000000000000, 0.0000000000000000000, 1.000000000000000000 ) ) ;
#2245 = ORIENTED_EDGE ( 'NONE', *, *, #1153, .F. ) ;
#2246 = EDGE_CURVE ( 'NONE', #2996, #2390, #2894, .T. ) ;
#2247 = EDGE_LOOP ( 'NONE', ( #977, #1490, #1771, #2022 ) ) ;
#2248 = VERTEX_POINT ( 'NONE', #3088 ) ;
#2249 = CIRCLE ( 'NONE', #1999, 0.09999999999999999200 ) ;
#2250 = DIRECTION ( 'NONE',  ( 0.7071067811865474600, -0.0000000000000000000, -0.7071067811865474600 ) ) ;
#2251 = CARTESIAN_POINT ( 'NONE',  ( -0.7499999999999951200, 0.0000000000000000000, 0.5179843788128317700 ) ) ;
#2252 = LINE ( 'NONE', #2255, #2193 ) ;
#2253 = LINE ( 'NONE', #272, #1626 ) ;
#2254 = AXIS2_PLACEMENT_3D ( 'NONE', #2227, #789, #2451 ) ;
#2255 = CARTESIAN_POINT ( 'NONE',  ( 0.7499999999999951200, 0.02999999999999999900, -0.5179843788128313300 ) ) ;
#2256 = ORIENTED_EDGE ( 'NONE', *, *, #2215, .F. ) ;
#2257 = VERTEX_POINT ( 'NONE', #2463 ) ;
#2258 = DIRECTION ( 'NONE',  ( -0.0000000000000000000, 1.000000000000000000, -0.0000000000000000000 ) ) ;
#2259 = ORIENTED_EDGE ( 'NONE', *, *, #2437, .T. ) ;
#2260 = VERTEX_POINT ( 'NONE', #65 ) ;
#2261 = DIRECTION ( 'NONE',  ( 0.0000000000000000000, 0.0000000000000000000, 1.000000000000000000 ) ) ;
#2262 = CARTESIAN_POINT ( 'NONE',  ( 0.7357016169991782400, 0.02999999999999999900, -0.5705769147865064100 ) ) ;
#2263 = FACE_OUTER_BOUND ( 'NONE', #1203, .T. ) ;
#2264 = CARTESIAN_POINT ( 'NONE',  ( 0.7500000000000052200, 0.2699999999999999600, -0.4500000000000032300 ) ) ;
#2265 = VECTOR ( 'NONE', #2772, 1000.000000000000000 ) ;
#2266 = ORIENTED_EDGE ( 'NONE', *, *, #2475, .T. ) ;
#2267 = CARTESIAN_POINT ( 'NONE',  ( -0.7099804735160403200, 0.02999999999999999900, 0.5499999999999963800 ) ) ;
#2268 = EDGE_LOOP ( 'NONE', ( #596, #2213, #928, #2235 ) ) ;
#2269 = AXIS2_PLACEMENT_3D ( 'NONE', #2042, #593, #2287 ) ;
#2270 = ORIENTED_EDGE ( 'NONE', *, *, #3113, .F. ) ;
#2271 = FACE_OUTER_BOUND ( 'NONE', #99, .T. ) ;
#2272 = ORIENTED_EDGE ( 'NONE', *, *, #784, .T. ) ;
#2273 = ORIENTED_EDGE ( 'NONE', *, *, #1502, .F. ) ;
#2274 = DIRECTION ( 'NONE',  ( 1.000000000000000000, 0.0000000000000000000, 0.0000000000000000000 ) ) ;
#2275 = VECTOR ( 'NONE', #1211, 1000.000000000000100 ) ;
#2276 = LINE ( 'NONE', #155, #525 ) ;
#2277 = VECTOR ( 'NONE', #3079, 1000.000000000000000 ) ;
#2278 = EDGE_CURVE ( 'NONE', #1615, #531, #327, .T. ) ;
#2279 = ORIENTED_EDGE ( 'NONE', *, *, #482, .T. ) ;
#2280 = VERTEX_POINT ( 'NONE', #2251 ) ;
#2281 = CARTESIAN_POINT ( 'NONE',  ( 0.2499999999999951200, 0.0000000000000000000, -0.1499999999999962800 ) ) ;
#2282 = DIRECTION ( 'NONE',  ( -1.000000000000000000, 0.0000000000000000000, 0.0000000000000000000 ) ) ;
#2283 = CARTESIAN_POINT ( 'NONE',  ( 0.7099804735160403200, 0.02999999999999999900, -0.5499999999999959400 ) ) ;
#2284 = DIRECTION ( 'NONE',  ( -1.000000000000000000, 0.0000000000000000000, 0.0000000000000000000 ) ) ;
#2285 = EDGE_CURVE ( 'NONE', #2171, #885, #998, .T. ) ;
#2286 = ORIENTED_EDGE ( 'NONE', *, *, #1065, .F. ) ;
#2287 = DIRECTION ( 'NONE',  ( 0.0000000000000000000, 0.0000000000000000000, 1.000000000000000000 ) ) ;
#2288 = CARTESIAN_POINT ( 'NONE',  ( -0.7499999999999951200, 0.0000000000000000000, 0.1499999999999963900 ) ) ;
#2289 = PRODUCT_DEFINITION_SHAPE ( 'NONE', 'NONE',  #1020 ) ;
#2290 = ADVANCED_FACE ( 'NONE', ( #2801 ), #320, .F. ) ;
#2291 = PLANE ( 'NONE',  #2067 ) ;
#2292 = VERTEX_POINT ( 'NONE', #2714 ) ;
#2293 = CARTESIAN_POINT ( 'NONE',  ( 0.7300000000000052000, 0.2699999999999999600, 0.5299999999999961400 ) ) ;
#2294 = DIRECTION ( 'NONE',  ( 0.0000000000000000000, -1.000000000000000000, 0.0000000000000000000 ) ) ;
#2295 = EDGE_CURVE ( 'NONE', #2257, #2605, #1549, .T. ) ;
#2296 = CARTESIAN_POINT ( 'NONE',  ( 0.7357016169991782400, 0.02999999999999999900, -0.5705769147865064100 ) ) ;
#2297 = DIRECTION ( 'NONE',  ( 1.000000000000000000, 0.0000000000000000000, 0.0000000000000000000 ) ) ;
#2298 = ORIENTED_EDGE ( 'NONE', *, *, #824, .F. ) ;
#2299 = EDGE_CURVE ( 'NONE', #600, #1905, #2252, .T. ) ;
#2300 = FACE_OUTER_BOUND ( 'NONE', #877, .T. ) ;
#2301 = CARTESIAN_POINT ( 'NONE',  ( 0.7715829222936344500, 0.02999999999999999900, 0.5352507166477453700 ) ) ;
#2302 = VECTOR ( 'NONE', #2636, 1000.000000000000000 ) ;
#2303 = PLANE ( 'NONE',  #881 ) ;
#2304 = VECTOR ( 'NONE', #1659, 1000.000000000000000 ) ;
#2305 = ADVANCED_FACE ( 'NONE', ( #1481 ), #2964, .F. ) ;
#2306 = VERTEX_POINT ( 'NONE', #2477 ) ;
#2307 = VECTOR ( 'NONE', #2491, 1000.000000000000000 ) ;
#2308 = DIRECTION ( 'NONE',  ( -0.0000000000000000000, 1.000000000000000000, -0.0000000000000000000 ) ) ;
#2309 = VERTEX_POINT ( 'NONE', #575 ) ;
#2310 = ORIENTED_EDGE ( 'NONE', *, *, #2326, .F. ) ;
#2311 = ORIENTED_EDGE ( 'NONE', *, *, #2758, .F. ) ;
#2312 = AXIS2_PLACEMENT_3D ( 'NONE', #656, #1158, #2830 ) ;
#2313 = FACE_OUTER_BOUND ( 'NONE', #647, .T. ) ;
#2314 = CARTESIAN_POINT ( 'NONE',  ( 0.3999999999999950800, 0.0000000000000000000, 0.1499999999999962800 ) ) ;
#2315 = CIRCLE ( 'NONE', #1566, 0.09999999999999999200 ) ;
#2316 = DIRECTION ( 'NONE',  ( 0.0000000000000000000, 0.0000000000000000000, -1.000000000000000000 ) ) ;
#2317 = VECTOR ( 'NONE', #1721, 1000.000000000000000 ) ;
#2318 = DIRECTION ( 'NONE',  ( 1.000000000000000000, 0.0000000000000000000, -0.0000000000000000000 ) ) ;
#2319 = ADVANCED_FACE ( 'NONE', ( #817 ), #2020, .F. ) ;
#2320 = CARTESIAN_POINT ( 'NONE',  ( -0.7499999999999951200, 0.0000000000000000000, 0.5179843788128317700 ) ) ;
#2321 = DIRECTION ( 'NONE',  ( 0.0000000000000000000, -0.0000000000000000000, 1.000000000000000000 ) ) ;
#2322 = AXIS2_PLACEMENT_3D ( 'NONE', #1333, #2046, #358 ) ;
#2323 = ORIENTED_EDGE ( 'NONE', *, *, #1671, .F. ) ;
#2324 = DIRECTION ( 'NONE',  ( 0.0000000000000000000, 0.0000000000000000000, -1.000000000000000000 ) ) ;
#2325 = EDGE_LOOP ( 'NONE', ( #166, #1910, #539, #1095 ) ) ;
#2326 = EDGE_CURVE ( 'NONE', #1497, #1769, #2721, .T. ) ;
#2327 = CARTESIAN_POINT ( 'NONE',  ( 0.7499999999999951200, 0.0000000000000000000, 0.5179843788128313300 ) ) ;
#2328 = EDGE_CURVE ( 'NONE', #1534, #1258, #904, .T. ) ;
#2329 = ADVANCED_FACE ( 'NONE', ( #755 ), #347, .F. ) ;
#2330 = DIRECTION ( 'NONE',  ( -1.000000000000000000, 0.0000000000000000000, 0.0000000000000000000 ) ) ;
#2331 = ORIENTED_EDGE ( 'NONE', *, *, #2448, .T. ) ;
#2332 = ORIENTED_EDGE ( 'NONE', *, *, #2680, .F. ) ;
#2333 = DIRECTION ( 'NONE',  ( 0.6246950475544247300, 0.0000000000000000000, 0.7808688094430299400 ) ) ;
#2334 = DIRECTION ( 'NONE',  ( -0.0000000000000000000, 1.000000000000000000, -0.0000000000000000000 ) ) ;
#2335 = CARTESIAN_POINT ( 'NONE',  ( 0.7300000000000052000, 0.2999999999999999300, -0.5300000000000032500 ) ) ;
#2336 = CARTESIAN_POINT ( 'NONE',  ( -0.2499999999999951200, 0.02999999999999999900, -0.1499999999999963900 ) ) ;
#2337 = ADVANCED_FACE ( 'NONE', ( #2661 ), #1954, .F. ) ;
#2338 = AXIS2_PLACEMENT_3D ( 'NONE', #1764, #2606, #1186 ) ;
#2339 = LINE ( 'NONE', #1069, #2911 ) ;
#2340 = EDGE_CURVE ( 'NONE', #1632, #2888, #83, .T. ) ;
#2341 = CARTESIAN_POINT ( 'NONE',  ( -0.7499999999999951200, 0.02999999999999999900, -0.1499999999999963900 ) ) ;
#2342 = CARTESIAN_POINT ( 'NONE',  ( -0.2499999999999951200, 0.02999999999999999900, 0.5499999999999963800 ) ) ;
#2343 = VECTOR ( 'NONE', #2297, 1000.000000000000000 ) ;
#2344 = CARTESIAN_POINT ( 'NONE',  ( -0.7999999999999950500, 0.02999999999999999900, -0.5999999999999963100 ) ) ;
#2345 = ORIENTED_EDGE ( 'NONE', *, *, #418, .F. ) ;
#2346 = CARTESIAN_POINT ( 'NONE',  ( -0.7999999999999950500, 0.0000000000000000000, 0.5999999999999963100 ) ) ;
#2347 = DIRECTION ( 'NONE',  ( 0.0000000000000000000, 1.000000000000000000, 0.0000000000000000000 ) ) ;
#2348 = DIRECTION ( 'NONE',  ( -1.000000000000000000, -0.0000000000000000000, -0.0000000000000000000 ) ) ;
#2349 = VECTOR ( 'NONE', #2907, 1000.000000000000000 ) ;
#2350 = DIRECTION ( 'NONE',  ( -0.0000000000000000000, 1.000000000000000000, -0.0000000000000000000 ) ) ;
#2351 = EDGE_LOOP ( 'NONE', ( #321, #2424, #1485, #3090 ) ) ;
#2352 = CARTESIAN_POINT ( 'NONE',  ( -0.7499999999999951200, 0.02999999999999999900, 0.1499999999999963900 ) ) ;
#2353 = UNCERTAINTY_MEASURE_WITH_UNIT (LENGTH_MEASURE( 1.000000000000000100E-005 ), #1588, 'distance_accuracy_value', 'NONE');
#2354 = DIRECTION ( 'NONE',  ( 1.000000000000000000, 0.0000000000000000000, -0.0000000000000000000 ) ) ;
#2355 = CARTESIAN_POINT ( 'NONE',  ( -0.7357016169991782400, 0.0000000000000000000, 0.5705769147865067400 ) ) ;
#2356 = VERTEX_POINT ( 'NONE', #588 ) ;
#2357 = AXIS2_PLACEMENT_3D ( 'NONE', #2953, #331, #2009 ) ;
#2358 = AXIS2_PLACEMENT_3D ( 'NONE', #2829, #1401, #3067 ) ;
#2359 = LINE ( 'NONE', #2393, #2275 ) ;
#2360 = LINE ( 'NONE', #2089, #1581 ) ;
#2361 = CARTESIAN_POINT ( 'NONE',  ( 0.7499999999999951200, 0.02999999999999999900, 0.1499999999999962800 ) ) ;
#2362 = VERTEX_POINT ( 'NONE', #1083 ) ;
#2363 = CARTESIAN_POINT ( 'NONE',  ( -0.7499999999999951200, 0.0000000000000000000, -0.5179843788128317700 ) ) ;
#2364 = DIRECTION ( 'NONE',  ( -0.0000000000000000000, 1.000000000000000000, -0.0000000000000000000 ) ) ;
#2365 = CARTESIAN_POINT ( 'NONE',  ( -0.2499999999999951200, -0.0000000000000000000, -0.3999999999999964100 ) ) ;
#2366 = CARTESIAN_POINT ( 'NONE',  ( -0.7715829222936326800, 0.02999999999999999900, 0.5352507166477418200 ) ) ;
#2367 = EDGE_CURVE ( 'NONE', #1497, #893, #1296, .T. ) ;
#2368 = EDGE_CURVE ( 'NONE', #1901, #349, #659, .T. ) ;
#2369 = CARTESIAN_POINT ( 'NONE',  ( -0.7357016169991782400, 0.0000000000000000000, 0.5705769147865067400 ) ) ;
#2370 = DIRECTION ( 'NONE',  ( 1.000000000000000000, 0.0000000000000000000, 0.0000000000000000000 ) ) ;
#2371 = ORIENTED_EDGE ( 'NONE', *, *, #1300, .T. ) ;
#2372 = PLANE ( 'NONE',  #1527 ) ;
#2373 = SURFACE_STYLE_USAGE ( .BOTH. , #687 ) ;
#2374 = ORIENTED_EDGE ( 'NONE', *, *, #1754, .F. ) ;
#2375 = DIRECTION ( 'NONE',  ( 0.0000000000000000000, 0.0000000000000000000, 1.000000000000000000 ) ) ;
#2376 = CARTESIAN_POINT ( 'NONE',  ( -0.6499999999999951400, 0.1200000000000000000, 0.5499999999999963800 ) ) ;
#2377 =( NAMED_UNIT ( * ) PLANE_ANGLE_UNIT ( ) SI_UNIT ( $, .RADIAN. ) );
#2378 = ORIENTED_EDGE ( 'NONE', *, *, #2669, .T. ) ;
#2379 = DIRECTION ( 'NONE',  ( 0.0000000000000000000, 0.0000000000000000000, 1.000000000000000000 ) ) ;
#2380 = CARTESIAN_POINT ( 'NONE',  ( -0.2499999999999951200, 0.0000000000000000000, -0.3999999999999964100 ) ) ;
#2381 = CARTESIAN_POINT ( 'NONE',  ( -0.2499999999999951200, 0.02999999999999999900, 0.5499999999999963800 ) ) ;
#2382 = AXIS2_PLACEMENT_3D ( 'NONE', #3089, #1898, #465 ) ;
#2383 = VECTOR ( 'NONE', #879, 1000.000000000000000 ) ;
#2384 = DIRECTION ( 'NONE',  ( -0.0000000000000000000, -1.000000000000000000, -0.0000000000000000000 ) ) ;
#2385 = PLANE ( 'NONE',  #3004 ) ;
#2386 = FACE_OUTER_BOUND ( 'NONE', #985, .T. ) ;
#2387 = ORIENTED_EDGE ( 'NONE', *, *, #649, .F. ) ;
#2388 = LINE ( 'NONE', #440, #1695 ) ;
#2389 = CARTESIAN_POINT ( 'NONE',  ( -0.2499999999999951200, 0.0000000000000000000, 0.1499999999999963900 ) ) ;
#2390 = VERTEX_POINT ( 'NONE', #1091 ) ;
#2391 = EDGE_LOOP ( 'NONE', ( #2395, #2723, #101, #1375, #917, #847, #2932, #505 ) ) ;
#2392 = VECTOR ( 'NONE', #1089, 1000.000000000000000 ) ;
#2393 = CARTESIAN_POINT ( 'NONE',  ( -0.3999999999999950800, 0.0000000000000000000, -0.5499999999999963800 ) ) ;
#2394 = AXIS2_PLACEMENT_3D ( 'NONE', #870, #2531, #1110 ) ;
#2395 = ORIENTED_EDGE ( 'NONE', *, *, #2407, .T. ) ;
#2396 = EDGE_CURVE ( 'NONE', #1346, #349, #1871, .T. ) ;
#2397 = EDGE_CURVE ( 'NONE', #1820, #1431, #2105, .T. ) ;
#2398 = VERTEX_POINT ( 'NONE', #844 ) ;
#2399 = DIRECTION ( 'NONE',  ( -0.0000000000000000000, 1.000000000000000000, -0.0000000000000000000 ) ) ;
#2400 = FACE_OUTER_BOUND ( 'NONE', #2846, .T. ) ;
#2401 = VECTOR ( 'NONE', #205, 1000.000000000000000 ) ;
#2402 = FACE_OUTER_BOUND ( 'NONE', #2860, .T. ) ;
#2403 = CARTESIAN_POINT ( 'NONE',  ( -0.2499999999999951200, 0.0000000000000000000, 0.5499999999999963800 ) ) ;
#2404 = ADVANCED_FACE ( 'NONE', ( #2572 ), #2291, .F. ) ;
#2405 = PLANE ( 'NONE',  #1733 ) ;
#2406 = VECTOR ( 'NONE', #1000, 1000.000000000000000 ) ;
#2407 = EDGE_CURVE ( 'NONE', #2682, #2496, #1787, .T. ) ;
#2408 = ORIENTED_EDGE ( 'NONE', *, *, #1716, .F. ) ;
#2409 = ORIENTED_EDGE ( 'NONE', *, *, #1190, .F. ) ;
#2410 = CARTESIAN_POINT ( 'NONE',  ( -0.7715829222936326800, -0.0000000000000000000, -0.5352507166477418200 ) ) ;
#2411 = DIRECTION ( 'NONE',  ( 1.084202172485504400E-015, 0.0000000000000000000, 1.000000000000000000 ) ) ;
#2412 = VERTEX_POINT ( 'NONE', #614 ) ;
#2413 = VERTEX_POINT ( 'NONE', #2765 ) ;
#2414 = CARTESIAN_POINT ( 'NONE',  ( -0.7499999999999951200, 0.1200000000000000000, 0.4499999999999962900 ) ) ;
#2415 = PLANE ( 'NONE',  #332 ) ;
#2416 = ORIENTED_EDGE ( 'NONE', *, *, #1599, .T. ) ;
#2417 = PLANE ( 'NONE',  #1040 ) ;
#2418 = ADVANCED_FACE ( 'NONE', ( #3070 ), #127, .T. ) ;
#2419 = CARTESIAN_POINT ( 'NONE',  ( -0.7099804735160403200, 0.02999999999999999900, 0.5499999999999963800 ) ) ;
#2420 =( LENGTH_UNIT ( ) NAMED_UNIT ( * ) SI_UNIT ( .MILLI., .METRE. ) );
#2421 = LINE ( 'NONE', #309, #2966 ) ;
#2422 = LINE ( 'NONE', #609, #2343 ) ;
#2423 = CARTESIAN_POINT ( 'NONE',  ( 0.7300000000000052000, 0.2699999999999999600, -0.4300000000000032700 ) ) ;
#2424 = ORIENTED_EDGE ( 'NONE', *, *, #793, .T. ) ;
#2425 = CARTESIAN_POINT ( 'NONE',  ( 0.7099804735160403200, 0.02999999999999999900, 0.5499999999999959400 ) ) ;
#2426 = ORIENTED_EDGE ( 'NONE', *, *, #1682, .T. ) ;
#2427 = LINE ( 'NONE', #266, #1782 ) ;
#2428 = ORIENTED_EDGE ( 'NONE', *, *, #1521, .T. ) ;
#2429 =( NAMED_UNIT ( * ) SI_UNIT ( $, .STERADIAN. ) SOLID_ANGLE_UNIT ( ) );
#2430 = COLOUR_RGB ( '',0.7921568627450980000, 0.8196078431372548800, 0.9333333333333333500 ) ;
#2431 = LINE ( 'NONE', #3098, #524 ) ;
#2432 = VECTOR ( 'NONE', #2064, 1000.000000000000000 ) ;
#2433 = ORIENTED_EDGE ( 'NONE', *, *, #294, .F. ) ;
#2434 = PRESENTATION_STYLE_ASSIGNMENT (( #2149 ) ) ;
#2435 = ORIENTED_EDGE ( 'NONE', *, *, #3094, .T. ) ;
#2436 = AXIS2_PLACEMENT_3D ( 'NONE', #2941, #553, #2244 ) ;
#2437 = EDGE_CURVE ( 'NONE', #799, #1328, #1167, .T. ) ;
#2438 = DIRECTION ( 'NONE',  ( -0.0000000000000000000, 1.000000000000000000, 0.0000000000000000000 ) ) ;
#2439 = ORIENTED_EDGE ( 'NONE', *, *, #1306, .T. ) ;
#2440 = EDGE_CURVE ( 'NONE', #1250, #1582, #2980, .T. ) ;
#2441 = CIRCLE ( 'NONE', #1209, 0.09999999999999999200 ) ;
#2442 = CLOSED_SHELL ( 'NONE', ( #1137, #1628, #116, #3034, #865, #2554, #2404, #170, #2564, #3000 ) ) ;
#2443 = CIRCLE ( 'NONE', #2187, 0.07071067811865462700 ) ;
#2444 = ORIENTED_EDGE ( 'NONE', *, *, #1444, .T. ) ;
#2445 = DIRECTION ( 'NONE',  ( -0.0000000000000000000, -1.000000000000000000, -0.0000000000000000000 ) ) ;
#2446 = FACE_OUTER_BOUND ( 'NONE', #610, .T. ) ;
#2447 = VERTEX_POINT ( 'NONE', #393 ) ;
#2448 = EDGE_CURVE ( 'NONE', #196, #1956, #453, .T. ) ;
#2449 = VERTEX_POINT ( 'NONE', #627 ) ;
#2450 = VECTOR ( 'NONE', #2025, 1000.000000000000000 ) ;
#2451 = DIRECTION ( 'NONE',  ( 0.0000000000000000000, 0.0000000000000000000, 1.000000000000000000 ) ) ;
#2452 = ORIENTED_EDGE ( 'NONE', *, *, #252, .T. ) ;
#2453 = EDGE_CURVE ( 'NONE', #1678, #3072, #1085, .T. ) ;
#2454 = ORIENTED_EDGE ( 'NONE', *, *, #2972, .F. ) ;
#2455 = ORIENTED_EDGE ( 'NONE', *, *, #794, .T. ) ;
#2456 = LINE ( 'NONE', #2342, #1824 ) ;
#2457 = COLOUR_RGB ( '',1.000000000000000000, 1.000000000000000000, 1.000000000000000000 ) ;
#2458 = DIRECTION ( 'NONE',  ( 0.0000000000000000000, -1.000000000000000000, 0.0000000000000000000 ) ) ;
#2459 = ORIENTED_EDGE ( 'NONE', *, *, #2137, .F. ) ;
#2460 = FACE_OUTER_BOUND ( 'NONE', #1238, .T. ) ;
#2461 = LINE ( 'NONE', #2590, #1213 ) ;
#2462 = VECTOR ( 'NONE', #3126, 1000.000000000000000 ) ;
#2463 = CARTESIAN_POINT ( 'NONE',  ( -0.5440438072099596000, 0.2899999999999998700, 0.4133497525452422000 ) ) ;
#2464 = DIRECTION ( 'NONE',  ( 0.0000000000000000000, -0.0000000000000000000, -1.000000000000000000 ) ) ;
#2465 = CARTESIAN_POINT ( 'NONE',  ( 0.2499999999999951200, 0.02999999999999999900, 0.5499999999999959400 ) ) ;
#2466 = ORIENTED_EDGE ( 'NONE', *, *, #1062, .F. ) ;
#2467 = VERTEX_POINT ( 'NONE', #1124 ) ;
#2468 = ORIENTED_EDGE ( 'NONE', *, *, #1747, .F. ) ;
#2469 = ORIENTED_EDGE ( 'NONE', *, *, #175, .F. ) ;
#2470 = AXIS2_PLACEMENT_3D ( 'NONE', #257, #1937, #499 ) ;
#2471 = AXIS2_PLACEMENT_3D ( 'NONE', #613, #2530, #1108 ) ;
#2472 = CARTESIAN_POINT ( 'NONE',  ( 0.3999999999999950800, 0.02999999999999999900, 0.1499999999999962800 ) ) ;
#2473 = EDGE_CURVE ( 'NONE', #2413, #2260, #2276, .T. ) ;
#2474 = LINE ( 'NONE', #1994, #1143 ) ;
#2475 = EDGE_CURVE ( 'NONE', #1825, #2248, #1027, .T. ) ;
#2476 = LINE ( 'NONE', #2544, #1858 ) ;
#2477 = CARTESIAN_POINT ( 'NONE',  ( 0.7499999999999951200, 0.0000000000000000000, -0.1499999999999962800 ) ) ;
#2478 = ORIENTED_EDGE ( 'NONE', *, *, #2367, .T. ) ;
#2479 = DIRECTION ( 'NONE',  ( 0.7071067811865475700, 0.0000000000000000000, -0.7071067811865475700 ) ) ;
#2480 = ORIENTED_EDGE ( 'NONE', *, *, #2005, .T. ) ;
#2481 = DIRECTION ( 'NONE',  ( 0.0000000000000000000, -1.000000000000000000, 0.0000000000000000000 ) ) ;
#2482 = AXIS2_PLACEMENT_3D ( 'NONE', #3084, #958, #689 ) ;
#2483 = ORIENTED_EDGE ( 'NONE', *, *, #2535, .F. ) ;
#2484 = VECTOR ( 'NONE', #1465, 1000.000000000000000 ) ;
#2485 = CARTESIAN_POINT ( 'NONE',  ( -0.7999999999999950500, 0.1200000000000000000, 0.5292893218813417000 ) ) ;
#2486 = EDGE_CURVE ( 'NONE', #1981, #1038, #2360, .T. ) ;
#2487 = VECTOR ( 'NONE', #202, 1000.000000000000000 ) ;
#2488 = VECTOR ( 'NONE', #859, 1000.000000000000000 ) ;
#2489 = ORIENTED_EDGE ( 'NONE', *, *, #35, .F. ) ;
#2490 = DIRECTION ( 'NONE',  ( 0.0000000000000000000, 0.0000000000000000000, -1.000000000000000000 ) ) ;
#2491 = DIRECTION ( 'NONE',  ( -1.000000000000000000, -0.0000000000000000000, -0.0000000000000000000 ) ) ;
#2492 = SURFACE_STYLE_FILL_AREA ( #1897 ) ;
#2493 = DIRECTION ( 'NONE',  ( -0.7808688094429656600, 0.0000000000000000000, 0.6246950475545051100 ) ) ;
#2494 = AXIS2_PLACEMENT_3D ( 'NONE', #1865, #431, #2115 ) ;
#2495 = DIRECTION ( 'NONE',  ( 0.0000000000000000000, 0.0000000000000000000, 1.000000000000000000 ) ) ;
#2496 = VERTEX_POINT ( 'NONE', #2553 ) ;
#2497 = EDGE_CURVE ( 'NONE', #2996, #471, #293, .T. ) ;
#2498 = CARTESIAN_POINT ( 'NONE',  ( -0.7099804735160403200, -0.0000000000000000000, -0.5499999999999963800 ) ) ;
#2499 = VERTEX_POINT ( 'NONE', #2805 ) ;
#2500 = EDGE_CURVE ( 'NONE', #339, #559, #361, .T. ) ;
#2501 = DIRECTION ( 'NONE',  ( 0.0000000000000000000, 0.0000000000000000000, 1.000000000000000000 ) ) ;
#2502 = DIRECTION ( 'NONE',  ( 0.0000000000000000000, 0.0000000000000000000, -1.000000000000000000 ) ) ;
#2503 = CIRCLE ( 'NONE', #50, 0.09999999999999999200 ) ;
#2504 = ORIENTED_EDGE ( 'NONE', *, *, #512, .T. ) ;
#2505 = ADVANCED_FACE ( 'NONE', ( #957 ), #2688, .F. ) ;
#2506 = VECTOR ( 'NONE', #2582, 1000.000000000000000 ) ;
#2507 = DIRECTION ( 'NONE',  ( 0.0000000000000000000, -0.0000000000000000000, -1.000000000000000000 ) ) ;
#2508 = ORIENTED_EDGE ( 'NONE', *, *, #480, .T. ) ;
#2509 = CARTESIAN_POINT ( 'NONE',  ( 0.3999999999999950800, 0.02999999999999999900, 0.1499999999999962800 ) ) ;
#2510 = CYLINDRICAL_SURFACE ( 'NONE', #1832, 0.07071067811864996400 ) ;
#2511 = ORIENTED_EDGE ( 'NONE', *, *, #2069, .F. ) ;
#2512 = DIRECTION ( 'NONE',  ( 0.0000000000000000000, 1.000000000000000000, 0.0000000000000000000 ) ) ;
#2513 = VERTEX_POINT ( 'NONE', #1145 ) ;
#2514 = CARTESIAN_POINT ( 'NONE',  ( 0.2499999999999951200, 0.0000000000000000000, 0.5499999999999959400 ) ) ;
#2515 = VECTOR ( 'NONE', #1416, 1000.000000000000000 ) ;
#2516 = CARTESIAN_POINT ( 'NONE',  ( -0.7999999999999950500, 0.0000000000000000000, 0.5292893218813417000 ) ) ;
#2517 = ORIENTED_EDGE ( 'NONE', *, *, #2710, .F. ) ;
#2518 = ORIENTED_EDGE ( 'NONE', *, *, #179, .F. ) ;
#2519 = DIRECTION ( 'NONE',  ( -1.000000000000000000, 0.0000000000000000000, -0.0000000000000000000 ) ) ;
#2520 = ORIENTED_EDGE ( 'NONE', *, *, #1326, .T. ) ;
#2521 = DIRECTION ( 'NONE',  ( 0.7808688094430290500, -0.0000000000000000000, -0.6246950475544259500 ) ) ;
#2522 = VECTOR ( 'NONE', #1386, 1000.000000000000000 ) ;
#2523 = PRESENTATION_STYLE_ASSIGNMENT (( #2994 ) ) ;
#2524 = ORIENTED_EDGE ( 'NONE', *, *, #2167, .F. ) ;
#2525 = CARTESIAN_POINT ( 'NONE',  ( -0.2499999999999951200, 0.0000000000000000000, 0.1499999999999963900 ) ) ;
#2526 = ADVANCED_FACE ( 'NONE', ( #852 ), #2821, .F. ) ;
#2527 = FACE_OUTER_BOUND ( 'NONE', #1410, .T. ) ;
#2528 = FACE_OUTER_BOUND ( 'NONE', #2391, .T. ) ;
#2529 = VECTOR ( 'NONE', #933, 1000.000000000000000 ) ;
#2530 = DIRECTION ( 'NONE',  ( 0.0000000000000000000, -0.0000000000000000000, 1.000000000000000000 ) ) ;
#2531 = DIRECTION ( 'NONE',  ( 0.0000000000000000000, -1.000000000000000000, 0.0000000000000000000 ) ) ;
#2532 = DIRECTION ( 'NONE',  ( 0.0000000000000000000, 1.000000000000000000, 0.0000000000000000000 ) ) ;
#2533 = DIRECTION ( 'NONE',  ( 0.0000000000000000000, 0.0000000000000000000, -1.000000000000000000 ) ) ;
#2534 = VECTOR ( 'NONE', #2708, 1000.000000000000000 ) ;
#2535 = EDGE_CURVE ( 'NONE', #92, #62, #2154, .T. ) ;
#2536 = EDGE_CURVE ( 'NONE', #1636, #952, #2050, .T. ) ;
#2537 = CARTESIAN_POINT ( 'NONE',  ( -0.5440438072099596000, 0.2899999999999998700, 0.3217767925781790400 ) ) ;
#2538 = EDGE_CURVE ( 'NONE', #1019, #1973, #228, .T. ) ;
#2539 = CARTESIAN_POINT ( 'NONE',  ( -0.7499999999999951200, 0.02999999999999999900, 0.5179843788128317700 ) ) ;
#2540 = DIRECTION ( 'NONE',  ( -1.000000000000000000, 0.0000000000000000000, 0.0000000000000000000 ) ) ;
#2541 = CARTESIAN_POINT ( 'NONE',  ( -0.7499999999999951200, 0.02999999999999999900, -0.5179843788128317700 ) ) ;
#2542 = EDGE_LOOP ( 'NONE', ( #2956, #3081, #2144, #1498 ) ) ;
#2543 = PLANE ( 'NONE',  #1357 ) ;
#2544 = CARTESIAN_POINT ( 'NONE',  ( 0.7300000000000052000, 0.2699999999999999600, -0.5300000000000032500 ) ) ;
#2545 = ADVANCED_FACE ( 'NONE', ( #1980 ), #2833, .F. ) ;
#2546 = EDGE_CURVE ( 'NONE', #1648, #1431, #2220, .T. ) ;
#2547 = EDGE_LOOP ( 'NONE', ( #201, #1355, #1047, #1392 ) ) ;
#2548 = CARTESIAN_POINT ( 'NONE',  ( -0.7499999999999951200, 0.02999999999999999900, -0.1499999999999963900 ) ) ;
#2549 = DIRECTION ( 'NONE',  ( -0.0000000000000000000, 1.000000000000000000, -0.0000000000000000000 ) ) ;
#2550 = CARTESIAN_POINT ( 'NONE',  ( 0.7715829222936363400, 0.0000000000000000000, -0.5352507166477497000 ) ) ;
#2551 = LINE ( 'NONE', #46, #1857 ) ;
#2552 = LINE ( 'NONE', #2472, #2645 ) ;
#2553 = CARTESIAN_POINT ( 'NONE',  ( 0.7499999999999951200, 0.02999999999999999900, 0.5179843788128313300 ) ) ;
#2554 = ADVANCED_FACE ( 'NONE', ( #2620 ), #448, .F. ) ;
#2555 = DIRECTION ( 'NONE',  ( -1.000000000000000000, 0.0000000000000000000, 0.0000000000000000000 ) ) ;
#2556 = LINE ( 'NONE', #143, #2001 ) ;
#2557 = ORIENTED_EDGE ( 'NONE', *, *, #911, .T. ) ;
#2558 = DIRECTION ( 'NONE',  ( -0.0000000000000000000, -0.0000000000000000000, 1.000000000000000000 ) ) ;
#2559 = PLANE ( 'NONE',  #2175 ) ;
#2560 = ORIENTED_EDGE ( 'NONE', *, *, #302, .T. ) ;
#2561 = CARTESIAN_POINT ( 'NONE',  ( 0.2499999999999951200, 0.02999999999999999900, 0.2999999999999962100 ) ) ;
#2562 = CARTESIAN_POINT ( 'NONE',  ( -0.7715829222936326800, 0.02999999999999999900, -0.5352507166477418200 ) ) ;
#2563 = DIRECTION ( 'NONE',  ( -1.000000000000000000, 0.0000000000000000000, 0.0000000000000000000 ) ) ;
#2564 = ADVANCED_FACE ( 'NONE', ( #1336 ), #463, .T. ) ;
#2565 = ORIENTED_EDGE ( 'NONE', *, *, #1331, .F. ) ;
#2566 = DIRECTION ( 'NONE',  ( -0.0000000000000000000, -1.000000000000000000, -0.0000000000000000000 ) ) ;
#2567 = VERTEX_POINT ( 'NONE', #677 ) ;
#2568 = CYLINDRICAL_SURFACE ( 'NONE', #1802, 0.09999999999999999200 ) ;
#2569 = FACE_OUTER_BOUND ( 'NONE', #2818, .T. ) ;
#2570 = CARTESIAN_POINT ( 'NONE',  ( 0.7300000000000052000, 0.2999999999999999300, -0.4300000000000032700 ) ) ;
#2571 = FACE_OUTER_BOUND ( 'NONE', #523, .T. ) ;
#2572 = FACE_OUTER_BOUND ( 'NONE', #1891, .T. ) ;
#2573 = SURFACE_STYLE_FILL_AREA ( #3066 ) ;
#2574 = ORIENTED_EDGE ( 'NONE', *, *, #2991, .F. ) ;
#2575 = VERTEX_POINT ( 'NONE', #2739 ) ;
#2576 = PLANE ( 'NONE',  #2640 ) ;
#2577 = CARTESIAN_POINT ( 'NONE',  ( 0.7715829222936344500, 0.0000000000000000000, 0.5352507166477453700 ) ) ;
#2578 = DIRECTION ( 'NONE',  ( 0.0000000000000000000, 0.0000000000000000000, -1.000000000000000000 ) ) ;
#2579 = DIRECTION ( 'NONE',  ( 0.0000000000000000000, 0.0000000000000000000, 1.000000000000000000 ) ) ;
#2580 = CARTESIAN_POINT ( 'NONE',  ( 0.7499999999999951200, 0.0000000000000000000, 0.5179843788128313300 ) ) ;
#2581 = VERTEX_POINT ( 'NONE', #1668 ) ;
#2582 = DIRECTION ( 'NONE',  ( -0.0000000000000000000, -1.000000000000000000, -0.0000000000000000000 ) ) ;
#2583 = DIRECTION ( 'NONE',  ( 0.0000000000000000000, 0.0000000000000000000, -1.000000000000000000 ) ) ;
#2584 = CARTESIAN_POINT ( 'NONE',  ( -0.2499999999999951200, 0.02999999999999999900, -0.1499999999999963900 ) ) ;
#2585 = DIRECTION ( 'NONE',  ( -0.7808688094430290500, -0.0000000000000000000, 0.6246950475544259500 ) ) ;
#2586 = ORIENTED_EDGE ( 'NONE', *, *, #1571, .F. ) ;
#2587 = ORIENTED_EDGE ( 'NONE', *, *, #3112, .T. ) ;
#2588 = DIRECTION ( 'NONE',  ( -0.0000000000000000000, -1.000000000000000000, -0.0000000000000000000 ) ) ;
#2589 = DIRECTION ( 'NONE',  ( 0.0000000000000000000, -1.000000000000000000, 0.0000000000000000000 ) ) ;
#2590 = CARTESIAN_POINT ( 'NONE',  ( -0.7499999999999951200, 0.02999999999999999900, -0.1499999999999963900 ) ) ;
#2591 = VERTEX_POINT ( 'NONE', #2376 ) ;
#2592 = CARTESIAN_POINT ( 'NONE',  ( -0.7999999999999950500, 0.0000000000000000000, 0.5999999999999963100 ) ) ;
#2593 = DIRECTION ( 'NONE',  ( 1.000000000000000000, 0.0000000000000000000, 0.0000000000000000000 ) ) ;
#2594 = CARTESIAN_POINT ( 'NONE',  ( 0.8000000000000052600, 0.1200000000000000000, 0.5999999999999963100 ) ) ;
#2595 = DIRECTION ( 'NONE',  ( 0.0000000000000000000, 0.0000000000000000000, 1.000000000000000000 ) ) ;
#2596 = AXIS2_PLACEMENT_3D ( 'NONE', #2172, #724, #488 ) ;
#2597 = EDGE_CURVE ( 'NONE', #1914, #62, #781, .T. ) ;
#2598 = CARTESIAN_POINT ( 'NONE',  ( -0.7715829222936351200, 0.02999999999999999900, -0.5352507166477475900 ) ) ;
#2599 = LINE ( 'NONE', #1926, #595 ) ;
#2600 = VERTEX_POINT ( 'NONE', #2985 ) ;
#2601 = DIRECTION ( 'NONE',  ( -0.7071067811865475700, 0.0000000000000000000, 0.7071067811865475700 ) ) ;
#2602 =( NAMED_UNIT ( * ) PLANE_ANGLE_UNIT ( ) SI_UNIT ( $, .RADIAN. ) );
#2603 = LINE ( 'NONE', #190, #2506 ) ;
#2604 = CARTESIAN_POINT ( 'NONE',  ( -0.7499999999999951200, 0.2699999999999999600, 0.4499999999999962900 ) ) ;
#2605 = VERTEX_POINT ( 'NONE', #1575 ) ;
#2606 = DIRECTION ( 'NONE',  ( -0.0000000000000000000, 0.0000000000000000000, 1.000000000000000000 ) ) ;
#2607 = DIRECTION ( 'NONE',  ( 0.0000000000000000000, 0.0000000000000000000, -1.000000000000000000 ) ) ;
#2608 = LINE ( 'NONE', #1429, #1971 ) ;
#2609 = EDGE_CURVE ( 'NONE', #1874, #290, #616, .T. ) ;
#2610 = DIRECTION ( 'NONE',  ( 1.000000000000000000, 0.0000000000000000000, 0.0000000000000000000 ) ) ;
#2611 = ORIENTED_EDGE ( 'NONE', *, *, #1852, .T. ) ;
#2612 = VECTOR ( 'NONE', #910, 1000.000000000000000 ) ;
#2613 = DIRECTION ( 'NONE',  ( 0.7808688094430290500, 0.0000000000000000000, 0.6246950475544259500 ) ) ;
#2614 = ORIENTED_EDGE ( 'NONE', *, *, #1968, .F. ) ;
#2615 = PLANE ( 'NONE',  #1691 ) ;
#2616 = ORIENTED_EDGE ( 'NONE', *, *, #743, .T. ) ;
#2617 = EDGE_LOOP ( 'NONE', ( #2916, #2459, #2781, #2452 ) ) ;
#2618 = CARTESIAN_POINT ( 'NONE',  ( 0.7999999999999950500, 0.0000000000000000000, 0.5999999999999959800 ) ) ;
#2619 = LINE ( 'NONE', #2562, #2522 ) ;
#2620 = FACE_OUTER_BOUND ( 'NONE', #965, .T. ) ;
#2621 = EDGE_LOOP ( 'NONE', ( #2332, #2944, #2435, #1507 ) ) ;
#2622 = FACE_OUTER_BOUND ( 'NONE', #355, .T. ) ;
#2623 = LINE ( 'NONE', #3044, #1984 ) ;
#2624 = VECTOR ( 'NONE', #2438, 1000.000000000000000 ) ;
#2625 = DIRECTION ( 'NONE',  ( 0.0000000000000000000, 0.0000000000000000000, 1.000000000000000000 ) ) ;
#2626 = MANIFOLD_SOLID_BREP ( 'Boss-Extrude4[1]', #704 ) ;
#2627 = EDGE_CURVE ( 'NONE', #2605, #820, #1051, .T. ) ;
#2628 = EDGE_LOOP ( 'NONE', ( #1611, #777, #812, #2266, #663, #1129, #1080, #1290 ) ) ;
#2629 = LINE ( 'NONE', #2465, #2062 ) ;
#2630 = EDGE_CURVE ( 'NONE', #1515, #765, #1706, .T. ) ;
#2631 = DIRECTION ( 'NONE',  ( -0.7808688094429656600, 0.0000000000000000000, 0.6246950475545051100 ) ) ;
#2632 = PLANE ( 'NONE',  #718 ) ;
#2633 = ADVANCED_FACE ( 'NONE', ( #2313 ), #997, .F. ) ;
#2634 = ORIENTED_EDGE ( 'NONE', *, *, #653, .F. ) ;
#2635 = VERTEX_POINT ( 'NONE', #2063 ) ;
#2636 = DIRECTION ( 'NONE',  ( -0.7808688094430299400, -0.0000000000000000000, -0.6246950475544247300 ) ) ;
#2637 = ORIENTED_EDGE ( 'NONE', *, *, #366, .T. ) ;
#2638 = CARTESIAN_POINT ( 'NONE',  ( 0.2499999999999951200, 0.02999999999999999900, -0.1499999999999962800 ) ) ;
#2639 = AXIS2_PLACEMENT_3D ( 'NONE', #443, #3068, #199 ) ;
#2640 = AXIS2_PLACEMENT_3D ( 'NONE', #1154, #2826, #1399 ) ;
#2641 = CARTESIAN_POINT ( 'NONE',  ( -0.2499999999999951200, 0.0000000000000000000, 0.1499999999999963900 ) ) ;
#2642 = DIRECTION ( 'NONE',  ( -0.7808688094430299400, 0.0000000000000000000, 0.6246950475544247300 ) ) ;
#2643 = CARTESIAN_POINT ( 'NONE',  ( 0.2499999999999951200, 0.02999999999999999900, -0.1499999999999962800 ) ) ;
#2644 = LINE ( 'NONE', #1674, #1365 ) ;
#2645 = VECTOR ( 'NONE', #2720, 1000.000000000000000 ) ;
#2646 = VERTEX_POINT ( 'NONE', #2301 ) ;
#2647 = ORIENTED_EDGE ( 'NONE', *, *, #743, .F. ) ;
#2648 = AXIS2_PLACEMENT_3D ( 'NONE', #731, #992, #2642 ) ;
#2649 = DIRECTION ( 'NONE',  ( -0.0000000000000000000, -1.000000000000000000, -0.0000000000000000000 ) ) ;
#2650 = ADVANCED_FACE ( 'NONE', ( #2892 ), #377, .F. ) ;
#2651 = VECTOR ( 'NONE', #1343, 1000.000000000000000 ) ;
#2652 = ORIENTED_EDGE ( 'NONE', *, *, #1921, .F. ) ;
#2653 = DIRECTION ( 'NONE',  ( 0.0000000000000000000, -1.000000000000000000, 0.0000000000000000000 ) ) ;
#2654 = EDGE_LOOP ( 'NONE', ( #421, #2157, #2637, #2024 ) ) ;
#2655 = EDGE_CURVE ( 'NONE', #1149, #819, #2249, .T. ) ;
#2656 = CARTESIAN_POINT ( 'NONE',  ( -0.7499999999999951200, -0.0000000000000000000, -0.5179843788128317700 ) ) ;
#2657 = ORIENTED_EDGE ( 'NONE', *, *, #137, .T. ) ;
#2658 = CYLINDRICAL_SURFACE ( 'NONE', #1317, 0.07071067811865137900 ) ;
#2659 = EDGE_CURVE ( 'NONE', #2362, #1990, #1623, .T. ) ;
#2660 = LINE ( 'NONE', #1144, #81 ) ;
#2661 = FACE_OUTER_BOUND ( 'NONE', #1307, .T. ) ;
#2662 = LINE ( 'NONE', #1385, #265 ) ;
#2663 = CARTESIAN_POINT ( 'NONE',  ( -0.7499999999999951200, 0.0000000000000000000, 0.5179843788128317700 ) ) ;
#2664 = CLOSED_SHELL ( 'NONE', ( #2633, #1697, #1836, #1586, #2908, #2117, #1478, #1633, #1715, #2055, #1216, #880, #1846, #490, #160, #2526, #2987, #2337, #2807, #1115, #2505, #760, #1362, #2751, #3059, #2768, #271, #1619, #2111, #1494, #1870, #1950, #1798, #1148, #502, #2784, #2329, #2180, #2796, #1729, #2319, #929, #612, #2199, #1388, #1935, #417, #2290, #138, #2305, #518, #2093, #384, #408, #182, #2650, #1374, #643, #1098, #250, #3022 ) ) ;
#2665 = ORIENTED_EDGE ( 'NONE', *, *, #2934, .F. ) ;
#2666 =( NAMED_UNIT ( * ) PLANE_ANGLE_UNIT ( ) SI_UNIT ( $, .RADIAN. ) );
#2667 = DIRECTION ( 'NONE',  ( 1.000000000000000000, 0.0000000000000000000, -1.022832238193872700E-016 ) ) ;
#2668 = ADVANCED_FACE ( 'NONE', ( #324 ), #884, .F. ) ;
#2669 = EDGE_CURVE ( 'NONE', #1330, #778, #1546, .T. ) ;
#2670 = ORIENTED_EDGE ( 'NONE', *, *, #1923, .T. ) ;
#2671 = VERTEX_POINT ( 'NONE', #1622 ) ;
#2672 = DIRECTION ( 'NONE',  ( 0.0000000000000000000, 0.0000000000000000000, 1.000000000000000000 ) ) ;
#2673 = ORIENTED_EDGE ( 'NONE', *, *, #2285, .T. ) ;
#2674 = ORIENTED_EDGE ( 'NONE', *, *, #1813, .T. ) ;
#2675 = ORIENTED_EDGE ( 'NONE', *, *, #13, .F. ) ;
#2676 = AXIS2_PLACEMENT_3D ( 'NONE', #1557, #1779, #340 ) ;
#2677 = LINE ( 'NONE', #1179, #767 ) ;
#2678 = VERTEX_POINT ( 'NONE', #3033 ) ;
#2679 = VECTOR ( 'NONE', #1125, 1000.000000000000000 ) ;
#2680 = EDGE_CURVE ( 'NONE', #819, #2961, #262, .T. ) ;
#2681 = EDGE_CURVE ( 'NONE', #819, #2591, #902, .T. ) ;
#2682 = VERTEX_POINT ( 'NONE', #153 ) ;
#2683 = VERTEX_POINT ( 'NONE', #1132 ) ;
#2684 = LINE ( 'NONE', #2113, #2612 ) ;
#2685 = ORIENTED_EDGE ( 'NONE', *, *, #2862, .F. ) ;
#2686 = EDGE_LOOP ( 'NONE', ( #2228, #2206, #2310, #2478, #854, #2587, #1379, #606 ) ) ;
#2687 = VECTOR ( 'NONE', #2085, 1000.000000000000000 ) ;
#2688 = CYLINDRICAL_SURFACE ( 'NONE', #2698, 0.07071067811865453000 ) ;
#2689 = ORIENTED_EDGE ( 'NONE', *, *, #1364, .F. ) ;
#2690 = VERTEX_POINT ( 'NONE', #1373 ) ;
#2691 = LINE ( 'NONE', #395, #714 ) ;
#2692 = LINE ( 'NONE', #2361, #2058 ) ;
#2693 = AXIS2_PLACEMENT_3D ( 'NONE', #2152, #2610, #1189 ) ;
#2694 = ORIENTED_EDGE ( 'NONE', *, *, #1367, .T. ) ;
#2695 = DIRECTION ( 'NONE',  ( -1.000000000000000000, 0.0000000000000000000, 0.0000000000000000000 ) ) ;
#2696 = VECTOR ( 'NONE', #1528, 1000.000000000000000 ) ;
#2697 = EDGE_LOOP ( 'NONE', ( #2466, #3062, #1376, #2150, #1459, #788, #1559, #121 ) ) ;
#2698 = AXIS2_PLACEMENT_3D ( 'NONE', #168, #646, #2110 ) ;
#2699 = EDGE_CURVE ( 'NONE', #1648, #92, #2099, .T. ) ;
#2700 = EDGE_CURVE ( 'NONE', #1515, #1949, #816, .T. ) ;
#2701 = EDGE_CURVE ( 'NONE', #114, #1886, #2190, .T. ) ;
#2702 = ORIENTED_EDGE ( 'NONE', *, *, #3024, .T. ) ;
#2703 = DIRECTION ( 'NONE',  ( -0.0000000000000000000, 1.000000000000000000, 0.0000000000000000000 ) ) ;
#2704 = LINE ( 'NONE', #2380, #1939 ) ;
#2705 = CIRCLE ( 'NONE', #460, 0.07071067811865462700 ) ;
#2706 = ORIENTED_EDGE ( 'NONE', *, *, #71, .F. ) ;
#2707 = CARTESIAN_POINT ( 'NONE',  ( 0.7499999999999951200, 0.02999999999999999900, 0.1499999999999962800 ) ) ;
#2708 = DIRECTION ( 'NONE',  ( -0.0000000000000000000, 1.000000000000000000, -0.0000000000000000000 ) ) ;
#2709 = ORIENTED_EDGE ( 'NONE', *, *, #2497, .F. ) ;
#2710 = EDGE_CURVE ( 'NONE', #1572, #2778, #2660, .T. ) ;
#2711 = LINE ( 'NONE', #2296, #254 ) ;
#2712 = ORIENTED_EDGE ( 'NONE', *, *, #1506, .F. ) ;
#2713 = CARTESIAN_POINT ( 'NONE',  ( 0.7099804735160403200, 0.0000000000000000000, 0.5499999999999959400 ) ) ;
#2714 = CARTESIAN_POINT ( 'NONE',  ( 0.6300000000000050000, 0.2999999999999999300, 0.5299999999999961400 ) ) ;
#2715 = ORIENTED_EDGE ( 'NONE', *, *, #2884, .T. ) ;
#2716 = ORIENTED_EDGE ( 'NONE', *, *, #263, .T. ) ;
#2717 = LINE ( 'NONE', #3120, #2484 ) ;
#2718 = VECTOR ( 'NONE', #899, 1000.000000000000000 ) ;
#2719 = CARTESIAN_POINT ( 'NONE',  ( 0.7999999999999950500, 0.02999999999999999900, -0.5999999999999959800 ) ) ;
#2720 = DIRECTION ( 'NONE',  ( -0.0000000000000000000, -1.000000000000000000, -0.0000000000000000000 ) ) ;
#2721 = LINE ( 'NONE', #1301, #173 ) ;
#2722 = VECTOR ( 'NONE', #2798, 1000.000000000000000 ) ;
#2723 = ORIENTED_EDGE ( 'NONE', *, *, #2207, .T. ) ;
#2724 = EDGE_LOOP ( 'NONE', ( #2982, #1221, #455, #2416 ) ) ;
#2725 = AXIS2_PLACEMENT_3D ( 'NONE', #70, #330, #1959 ) ;
#2726 = DIRECTION ( 'NONE',  ( 0.0000000000000000000, 0.0000000000000000000, 1.000000000000000000 ) ) ;
#2727 = CARTESIAN_POINT ( 'NONE',  ( -0.2499999999999951200, 0.02999999999999999900, 0.1499999999999963900 ) ) ;
#2728 = DIRECTION ( 'NONE',  ( -1.000000000000000000, 0.0000000000000000000, 0.0000000000000000000 ) ) ;
#2729 = ORIENTED_EDGE ( 'NONE', *, *, #2299, .F. ) ;
#2730 = VERTEX_POINT ( 'NONE', #2820 ) ;
#2731 = VERTEX_POINT ( 'NONE', #3056 ) ;
#2732 = CARTESIAN_POINT ( 'NONE',  ( -0.2499999999999951200, 0.02999999999999999900, -0.3999999999999964100 ) ) ;
#2733 = ORIENTED_EDGE ( 'NONE', *, *, #2630, .T. ) ;
#2734 = DIRECTION ( 'NONE',  ( -0.7808688094430290500, 0.0000000000000000000, 0.6246950475544259500 ) ) ;
#2735 = ORIENTED_EDGE ( 'NONE', *, *, #832, .T. ) ;
#2736 = PLANE ( 'NONE',  #2131 ) ;
#2737 = LINE ( 'NONE', #2366, #284 ) ;
#2738 = FACE_OUTER_BOUND ( 'NONE', #1957, .T. ) ;
#2739 = CARTESIAN_POINT ( 'NONE',  ( 0.7099804735160403200, 0.0000000000000000000, 0.5499999999999959400 ) ) ;
#2740 = DIRECTION ( 'NONE',  ( 0.0000000000000000000, 0.0000000000000000000, 1.000000000000000000 ) ) ;
#2741 = AXIS2_PLACEMENT_3D ( 'NONE', #2990, #850, #2507 ) ;
#2742 = ORIENTED_EDGE ( 'NONE', *, *, #2895, .F. ) ;
#2743 = ORIENTED_EDGE ( 'NONE', *, *, #2453, .T. ) ;
#2744 = DIRECTION ( 'NONE',  ( -0.0000000000000000000, 1.000000000000000000, 0.0000000000000000000 ) ) ;
#2745 = AXIS2_PLACEMENT_3D ( 'NONE', #2241, #801, #2464 ) ;
#2746 = LINE ( 'NONE', #1560, #2216 ) ;
#2747 = EDGE_CURVE ( 'NONE', #2600, #1913, #752, .T. ) ;
#2748 = ORIENTED_EDGE ( 'NONE', *, *, #60, .T. ) ;
#2749 = ORIENTED_EDGE ( 'NONE', *, *, #1096, .F. ) ;
#2750 = DIRECTION ( 'NONE',  ( -0.0000000000000000000, 1.000000000000000000, -0.0000000000000000000 ) ) ;
#2751 = ADVANCED_FACE ( 'NONE', ( #2569 ), #21, .T. ) ;
#2752 = FILL_AREA_STYLE ('',( #843 ) ) ;
#2753 = CARTESIAN_POINT ( 'NONE',  ( -0.6299999999999951200, 0.2699999999999999600, -0.4300000000000029900 ) ) ;
#2754 = FACE_OUTER_BOUND ( 'NONE', #2011, .T. ) ;
#2755 = VECTOR ( 'NONE', #3047, 1000.000000000000000 ) ;
#2756 = ORIENTED_EDGE ( 'NONE', *, *, #2233, .T. ) ;
#2757 = ORIENTED_EDGE ( 'NONE', *, *, #1331, .T. ) ;
#2758 = EDGE_CURVE ( 'NONE', #2398, #711, #1293, .T. ) ;
#2759 = LINE ( 'NONE', #2293, #785 ) ;
#2760 = CIRCLE ( 'NONE', #2482, 0.07071067811865453000 ) ;
#2761 = CARTESIAN_POINT ( 'NONE',  ( 0.2499999999999951200, 0.0000000000000000000, -0.1499999999999962800 ) ) ;
#2762 = ORIENTED_EDGE ( 'NONE', *, *, #1057, .T. ) ;
#2763 = DIRECTION ( 'NONE',  ( -0.0000000000000000000, 1.000000000000000000, -0.0000000000000000000 ) ) ;
#2764 = LINE ( 'NONE', #2930, #2166 ) ;
#2765 = CARTESIAN_POINT ( 'NONE',  ( -0.2499999999999951200, 0.0000000000000000000, -0.3999999999999964100 ) ) ;
#2766 = DIRECTION ( 'NONE',  ( 0.0000000000000000000, 0.0000000000000000000, -1.000000000000000000 ) ) ;
#2767 = CARTESIAN_POINT ( 'NONE',  ( 0.7499999999999951200, 0.0000000000000000000, 0.1499999999999962800 ) ) ;
#2768 = ADVANCED_FACE ( 'NONE', ( #1952 ), #1953, .T. ) ;
#2769 = EDGE_CURVE ( 'NONE', #26, #451, #1028, .T. ) ;
#2770 = DIRECTION ( 'NONE',  ( -0.7808688094430290500, 0.0000000000000000000, 0.6246950475544259500 ) ) ;
#2771 = ORIENTED_EDGE ( 'NONE', *, *, #2397, .F. ) ;
#2772 = DIRECTION ( 'NONE',  ( -0.0000000000000000000, 1.000000000000000000, -0.0000000000000000000 ) ) ;
#2773 = EDGE_CURVE ( 'NONE', #2447, #1412, #22, .T. ) ;
#2774 = CARTESIAN_POINT ( 'NONE',  ( -0.7499999999999951200, 0.0000000000000000000, 0.1499999999999963900 ) ) ;
#2775 = DIRECTION ( 'NONE',  ( -0.0000000000000000000, 1.000000000000000000, -0.0000000000000000000 ) ) ;
#2776 = DIRECTION ( 'NONE',  ( 1.000000000000000000, -0.0000000000000000000, -0.0000000000000000000 ) ) ;
#2777 = CARTESIAN_POINT ( 'NONE',  ( 0.7300000000000052000, 0.2999999999999999300, -0.5300000000000032500 ) ) ;
#2778 = VERTEX_POINT ( 'NONE', #2363 ) ;
#2779 = DIRECTION ( 'NONE',  ( -0.0000000000000000000, 1.000000000000000000, -0.0000000000000000000 ) ) ;
#2780 = VECTOR ( 'NONE', #519, 1000.000000000000000 ) ;
#2781 = ORIENTED_EDGE ( 'NONE', *, *, #775, .F. ) ;
#2782 = PLANE ( 'NONE',  #57 ) ;
#2783 = ORIENTED_EDGE ( 'NONE', *, *, #1726, .F. ) ;
#2784 = ADVANCED_FACE ( 'NONE', ( #1869 ), #1420, .T. ) ;
#2785 = CARTESIAN_POINT ( 'NONE',  ( -0.7499999999999951200, 0.2699999999999999600, 0.5499999999999963800 ) ) ;
#2786 = DIRECTION ( 'NONE',  ( 0.0000000000000000000, -1.000000000000000000, 0.0000000000000000000 ) ) ;
#2787 = AXIS2_PLACEMENT_3D ( 'NONE', #941, #213, #1894 ) ;
#2788 = FACE_OUTER_BOUND ( 'NONE', #295, .T. ) ;
#2789 = ORIENTED_EDGE ( 'NONE', *, *, #1724, .F. ) ;
#2790 = ORIENTED_EDGE ( 'NONE', *, *, #2151, .F. ) ;
#2791 = DIRECTION ( 'NONE',  ( -1.000000000000000000, 0.0000000000000000000, 2.227812683189392000E-016 ) ) ;
#2792 = VERTEX_POINT ( 'NONE', #691 ) ;
#2793 = CARTESIAN_POINT ( 'NONE',  ( -0.6299999999999950100, 0.2699999999999999600, 0.5299999999999962500 ) ) ;
#2794 = ORIENTED_EDGE ( 'NONE', *, *, #1460, .F. ) ;
#2795 = VECTOR ( 'NONE', #975, 1000.000000000000000 ) ;
#2796 = ADVANCED_FACE ( 'NONE', ( #579 ), #462, .F. ) ;
#2797 = VECTOR ( 'NONE', #869, 1000.000000000000000 ) ;
#2798 = DIRECTION ( 'NONE',  ( 0.0000000000000000000, 0.0000000000000000000, 1.000000000000000000 ) ) ;
#2799 = DIRECTION ( 'NONE',  ( -0.0000000000000000000, 1.000000000000000000, -0.0000000000000000000 ) ) ;
#2800 = DIRECTION ( 'NONE',  ( 0.0000000000000000000, 1.000000000000000000, 0.0000000000000000000 ) ) ;
#2801 = FACE_OUTER_BOUND ( 'NONE', #446, .T. ) ;
#2802 = VECTOR ( 'NONE', #1838, 1000.000000000000000 ) ;
#2803 = ORIENTED_EDGE ( 'NONE', *, *, #2609, .T. ) ;
#2804 = DIRECTION ( 'NONE',  ( 0.0000000000000000000, -1.000000000000000000, 0.0000000000000000000 ) ) ;
#2805 = CARTESIAN_POINT ( 'NONE',  ( -0.6299999999999951200, 0.2999999999999999300, -0.5300000000000029100 ) ) ;
#2806 = AXIS2_PLACEMENT_3D ( 'NONE', #1843, #411, #2088 ) ;
#2807 = ADVANCED_FACE ( 'NONE', ( #2571 ), #1786, .F. ) ;
#2808 = EDGE_CURVE ( 'NONE', #2412, #159, #3069, .T. ) ;
#2809 = UNCERTAINTY_MEASURE_WITH_UNIT (LENGTH_MEASURE( 1.000000000000000100E-005 ), #693, 'distance_accuracy_value', 'NONE');
#2810 = DIRECTION ( 'NONE',  ( 1.000000000000000000, 0.0000000000000000000, 0.0000000000000000000 ) ) ;
#2811 = EDGE_CURVE ( 'NONE', #2581, #1913, #2431, .T. ) ;
#2812 = DIRECTION ( 'NONE',  ( -0.6246950475544259500, 0.0000000000000000000, 0.7808688094430290500 ) ) ;
#2813 = CARTESIAN_POINT ( 'NONE',  ( -0.3999999999999950800, -0.0000000000000000000, -0.5499999999999963800 ) ) ;
#2814 = DIRECTION ( 'NONE',  ( -0.0000000000000000000, -0.0000000000000000000, 1.000000000000000000 ) ) ;
#2815 = DIRECTION ( 'NONE',  ( 0.0000000000000000000, 1.000000000000000000, 0.0000000000000000000 ) ) ;
#2816 = AXIS2_PLACEMENT_3D ( 'NONE', #1774, #2479, #1068 ) ;
#2817 = ORIENTED_EDGE ( 'NONE', *, *, #594, .F. ) ;
#2818 = EDGE_LOOP ( 'NONE', ( #2742, #1538, #420, #1023 ) ) ;
#2819 = CARTESIAN_POINT ( 'NONE',  ( -0.2499999999999951200, 0.02999999999999999900, -0.3999999999999964100 ) ) ;
#2820 = CARTESIAN_POINT ( 'NONE',  ( -0.7292893218813403200, 0.1200000000000000000, 0.5999999999999963100 ) ) ;
#2821 = PLANE ( 'NONE',  #2879 ) ;
#2822 = PLANE ( 'NONE',  #1400 ) ;
#2823 = ORIENTED_EDGE ( 'NONE', *, *, #1813, .F. ) ;
#2824 = ORIENTED_EDGE ( 'NONE', *, *, #307, .F. ) ;
#2825 = CARTESIAN_POINT ( 'NONE',  ( 0.7999999999999950500, 0.0000000000000000000, -0.5999999999999959800 ) ) ;
#2826 = DIRECTION ( 'NONE',  ( 0.0000000000000000000, 0.0000000000000000000, 1.000000000000000000 ) ) ;
#2827 = EDGE_CURVE ( 'NONE', #2123, #2084, #1243, .T. ) ;
#2828 = CARTESIAN_POINT ( 'NONE',  ( -0.7499999999999951200, 0.0000000000000000000, -0.5179843788128317700 ) ) ;
#2829 = CARTESIAN_POINT ( 'NONE',  ( -0.5440438072099596000, 0.2999999999999999300, 0.3675632725617106200 ) ) ;
#2830 = DIRECTION ( 'NONE',  ( 0.0000000000000000000, 0.0000000000000000000, 1.000000000000000000 ) ) ;
#2831 = LINE ( 'NONE', #578, #2210 ) ;
#2832 = CARTESIAN_POINT ( 'NONE',  ( 0.2499999999999951200, 0.02999999999999999900, -0.5499999999999959400 ) ) ;
#2833 = PLANE ( 'NONE',  #244 ) ;
#2834 = DIRECTION ( 'NONE',  ( -0.6246950475544826900, 0.0000000000000000000, 0.7808688094429836500 ) ) ;
#2835 = LINE ( 'NONE', #3018, #2135 ) ;
#2836 = ORIENTED_EDGE ( 'NONE', *, *, #1726, .T. ) ;
#2837 = PLANE ( 'NONE',  #1995 ) ;
#2838 = CARTESIAN_POINT ( 'NONE',  ( 0.7500000000000052200, 0.1200000000000000000, -0.5500000000000032600 ) ) ;
#2839 = PLANE ( 'NONE',  #1302 ) ;
#2840 = CARTESIAN_POINT ( 'NONE',  ( -0.7099804735160403200, 0.02999999999999999900, 0.5499999999999963800 ) ) ;
#2841 = STYLED_ITEM ( 'NONE', ( #1208 ), #3022 ) ;
#2842 = ORIENTED_EDGE ( 'NONE', *, *, #797, .T. ) ;
#2843 = CARTESIAN_POINT ( 'NONE',  ( 0.3999999999999950800, 0.0000000000000000000, 0.1499999999999962800 ) ) ;
#2844 = FACE_OUTER_BOUND ( 'NONE', #1698, .T. ) ;
#2845 = CARTESIAN_POINT ( 'NONE',  ( 0.7499999999999951200, 0.0000000000000000000, 0.5179843788128313300 ) ) ;
#2846 = EDGE_LOOP ( 'NONE', ( #1605, #2942 ) ) ;
#2847 = CARTESIAN_POINT ( 'NONE',  ( 0.7499999999999951200, 0.02999999999999999900, -0.5179843788128313300 ) ) ;
#2848 = DIRECTION ( 'NONE',  ( 0.0000000000000000000, 0.0000000000000000000, 1.000000000000000000 ) ) ;
#2849 = CARTESIAN_POINT ( 'NONE',  ( -0.2499999999999951200, 0.0000000000000000000, 0.5499999999999963800 ) ) ;
#2850 = PLANE ( 'NONE',  #188 ) ;
#2851 = CARTESIAN_POINT ( 'NONE',  ( -0.6299999999999951200, 0.2999999999999999300, -0.5300000000000029100 ) ) ;
#2852 = ORIENTED_EDGE ( 'NONE', *, *, #2546, .T. ) ;
#2853 = DIRECTION ( 'NONE',  ( 0.7808688094430299400, 0.0000000000000000000, -0.6246950475544247300 ) ) ;
#2854 = EDGE_CURVE ( 'NONE', #1862, #2412, #2979, .T. ) ;
#2855 = VECTOR ( 'NONE', #243, 1000.000000000000000 ) ;
#2856 = EDGE_CURVE ( 'NONE', #2356, #1534, #1166, .T. ) ;
#2857 = VECTOR ( 'NONE', #633, 1000.000000000000000 ) ;
#2858 = CARTESIAN_POINT ( 'NONE',  ( -0.7357016169991782400, -0.0000000000000000000, -0.5705769147865067400 ) ) ;
#2859 = CARTESIAN_POINT ( 'NONE',  ( 0.2499999999999951200, 0.02999999999999999900, 0.5499999999999959400 ) ) ;
#2860 = EDGE_LOOP ( 'NONE', ( #1563, #878, #2286, #589 ) ) ;
#2861 = VERTEX_POINT ( 'NONE', #971 ) ;
#2862 = EDGE_CURVE ( 'NONE', #1616, #600, #1084, .T. ) ;
#2863 = CARTESIAN_POINT ( 'NONE',  ( -0.3999999999999950800, -0.0000000000000000000, -0.5499999999999963800 ) ) ;
#2864 = CARTESIAN_POINT ( 'NONE',  ( -0.7299999999999951000, 0.2999999999999999300, 0.4299999999999963900 ) ) ;
#2865 = CARTESIAN_POINT ( 'NONE',  ( -0.7999999999999950500, 0.0000000000000000000, 0.5999999999999963100 ) ) ;
#2866 = CIRCLE ( 'NONE', #1305, 0.09999999999999999200 ) ;
#2867 = CARTESIAN_POINT ( 'NONE',  ( 0.7292893218813504300, 0.1200000000000000000, -0.6000000000000033100 ) ) ;
#2868 = DIRECTION ( 'NONE',  ( -1.000000000000000000, -0.0000000000000000000, -0.0000000000000000000 ) ) ;
#2869 = ORIENTED_EDGE ( 'NONE', *, *, #2070, .T. ) ;
#2870 = DIRECTION ( 'NONE',  ( 1.000000000000000000, 0.0000000000000000000, 0.0000000000000000000 ) ) ;
#2871 = DIRECTION ( 'NONE',  ( 0.0000000000000000000, 0.0000000000000000000, -1.000000000000000000 ) ) ;
#2872 = DIRECTION ( 'NONE',  ( 0.0000000000000000000, -1.000000000000000000, -0.0000000000000000000 ) ) ;
#2873 = EDGE_LOOP ( 'NONE', ( #1280, #1788, #734, #2259 ) ) ;
#2874 = CARTESIAN_POINT ( 'NONE',  ( 0.3999999999999950800, 0.0000000000000000000, 0.1499999999999962800 ) ) ;
#2875 = ORIENTED_EDGE ( 'NONE', *, *, #337, .T. ) ;
#2876 = DIRECTION ( 'NONE',  ( -0.7808688094429636600, 0.0000000000000000000, -0.6246950475545075500 ) ) ;
#2877 = FACE_OUTER_BOUND ( 'NONE', #515, .T. ) ;
#2878 = LINE ( 'NONE', #1161, #2236 ) ;
#2879 = AXIS2_PLACEMENT_3D ( 'NONE', #2335, #1394, #3057 ) ;
#2880 = FACE_OUTER_BOUND ( 'NONE', #2351, .T. ) ;
#2881 = EDGE_CURVE ( 'NONE', #799, #2413, #2359, .T. ) ;
#2882 = EDGE_CURVE ( 'NONE', #2567, #811, #2921, .T. ) ;
#2883 = EDGE_CURVE ( 'NONE', #504, #995, #360, .T. ) ;
#2884 = EDGE_CURVE ( 'NONE', #1543, #2158, #2219, .T. ) ;
#2885 = LINE ( 'NONE', #597, #2242 ) ;
#2886 = ORIENTED_EDGE ( 'NONE', *, *, #2669, .F. ) ;
#2887 = ORIENTED_EDGE ( 'NONE', *, *, #1556, .F. ) ;
#2888 = VERTEX_POINT ( 'NONE', #1217 ) ;
#2889 = CARTESIAN_POINT ( 'NONE',  ( 0.3999999999999950800, 0.02999999999999999900, 0.1499999999999962800 ) ) ;
#2890 = ORIENTED_EDGE ( 'NONE', *, *, #2928, .T. ) ;
#2891 = CARTESIAN_POINT ( 'NONE',  ( -0.7292893218813404400, 0.1200000000000000000, -0.6000000000000033100 ) ) ;
#2892 = FACE_OUTER_BOUND ( 'NONE', #1627, .T. ) ;
#2893 = DIRECTION ( 'NONE',  ( 0.0000000000000000000, 0.0000000000000000000, 1.000000000000000000 ) ) ;
#2894 = LINE ( 'NONE', #2946, #1625 ) ;
#2895 = EDGE_CURVE ( 'NONE', #1886, #706, #1026, .T. ) ;
#2896 = LINE ( 'NONE', #1493, #1708 ) ;
#2897 = CARTESIAN_POINT ( 'NONE',  ( -0.7999999999999951600, 0.1200000000000000000, -0.6000000000000033100 ) ) ;
#2898 = ADVANCED_FACE ( 'NONE', ( #2754 ), #2405, .F. ) ;
#2899 = PLANE ( 'NONE',  #2162 ) ;
#2900 = CARTESIAN_POINT ( 'NONE',  ( -0.7999999999999951600, 0.0000000000000000000, -0.5292893218813485800 ) ) ;
#2901 = ORIENTED_EDGE ( 'NONE', *, *, #133, .F. ) ;
#2902 = CARTESIAN_POINT ( 'NONE',  ( 0.7357016169991894600, 0.02999999999999999900, -0.5705769147865114000 ) ) ;
#2903 = EDGE_LOOP ( 'NONE', ( #78, #286, #2182, #1061 ) ) ;
#2904 = CARTESIAN_POINT ( 'NONE',  ( -0.7999999999999950500, 0.02999999999999999900, 0.5999999999999963100 ) ) ;
#2905 = ORIENTED_EDGE ( 'NONE', *, *, #1096, .T. ) ;
#2906 = ORIENTED_EDGE ( 'NONE', *, *, #191, .F. ) ;
#2907 = DIRECTION ( 'NONE',  ( 0.7808688094430443800, 0.0000000000000000000, 0.6246950475544066400 ) ) ;
#2908 = ADVANCED_FACE ( 'NONE', ( #851 ), #740, .F. ) ;
#2909 = CARTESIAN_POINT ( 'NONE',  ( -0.2499999999999951200, 0.0000000000000000000, 0.1499999999999963900 ) ) ;
#2910 = CARTESIAN_POINT ( 'NONE',  ( -0.7499999999999951200, 0.02999999999999999900, 0.5179843788128317700 ) ) ;
#2911 = VECTOR ( 'NONE', #1294, 1000.000000000000000 ) ;
#2912 = LINE ( 'NONE', #2073, #1646 ) ;
#2913 = ORIENTED_EDGE ( 'NONE', *, *, #63, .T. ) ;
#2914 = APPLICATION_PROTOCOL_DEFINITION ( 'draft international standard', 'automotive_design', 1998, #1487 ) ;
#2915 = UNCERTAINTY_MEASURE_WITH_UNIT (LENGTH_MEASURE( 1.000000000000000100E-005 ), #1878, 'distance_accuracy_value', 'NONE');
#2916 = ORIENTED_EDGE ( 'NONE', *, *, #824, .T. ) ;
#2917 = ORIENTED_EDGE ( 'NONE', *, *, #1923, .F. ) ;
#2918 = VECTOR ( 'NONE', #2258, 1000.000000000000000 ) ;
#2919 = ORIENTED_EDGE ( 'NONE', *, *, #1716, .T. ) ;
#2920 = EDGE_LOOP ( 'NONE', ( #2905, #1105, #2886, #1206 ) ) ;
#2921 = LINE ( 'NONE', #3121, #2855 ) ;
#2922 = VECTOR ( 'NONE', #886, 1000.000000000000100 ) ;
#2923 = LINE ( 'NONE', #2828, #2277 ) ;
#2924 = VERTEX_POINT ( 'NONE', #2900 ) ;
#2925 = AXIS2_PLACEMENT_3D ( 'NONE', #2719, #1285, #2957 ) ;
#2926 = EDGE_CURVE ( 'NONE', #711, #776, #1512, .T. ) ;
#2927 = ORIENTED_EDGE ( 'NONE', *, *, #1153, .T. ) ;
#2928 = EDGE_CURVE ( 'NONE', #1949, #2183, #2153, .T. ) ;
#2929 = ORIENTED_EDGE ( 'NONE', *, *, #2326, .T. ) ;
#2930 = CARTESIAN_POINT ( 'NONE',  ( 0.6300000000000051100, 0.2999999999999999300, -0.5300000000000032500 ) ) ;
#2931 = LINE ( 'NONE', #2863, #1428 ) ;
#2932 = ORIENTED_EDGE ( 'NONE', *, *, #3021, .T. ) ;
#2933 = FACE_OUTER_BOUND ( 'NONE', #177, .T. ) ;
#2934 = EDGE_CURVE ( 'NONE', #2084, #531, #955, .T. ) ;
#2935 = FACE_OUTER_BOUND ( 'NONE', #1962, .T. ) ;
#2936 = DIRECTION ( 'NONE',  ( 0.0000000000000000000, 0.0000000000000000000, 1.000000000000000000 ) ) ;
#2937 = LINE ( 'NONE', #2840, #2304 ) ;
#2938 = EDGE_CURVE ( 'NONE', #2861, #2240, #2048, .T. ) ;
#2939 = VERTEX_POINT ( 'NONE', #2414 ) ;
#2940 = FACE_OUTER_BOUND ( 'NONE', #1718, .T. ) ;
#2941 = CARTESIAN_POINT ( 'NONE',  ( -0.5440438072099596000, 0.2899999999999998700, 0.3675632725617106200 ) ) ;
#2942 = ORIENTED_EDGE ( 'NONE', *, *, #13, .T. ) ;
#2943 = ORIENTED_EDGE ( 'NONE', *, *, #2486, .T. ) ;
#2944 = ORIENTED_EDGE ( 'NONE', *, *, #2681, .T. ) ;
#2945 = DIRECTION ( 'NONE',  ( 0.7071067811865474600, 0.0000000000000000000, 0.7071067811865474600 ) ) ;
#2946 = CARTESIAN_POINT ( 'NONE',  ( 0.7499999999999951200, 0.0000000000000000000, 0.1499999999999962800 ) ) ;
#2947 = LINE ( 'NONE', #1178, #1707 ) ;
#2948 = FACE_OUTER_BOUND ( 'NONE', #3010, .T. ) ;
#2949 = DIRECTION ( 'NONE',  ( 0.0000000000000000000, 0.0000000000000000000, -1.000000000000000000 ) ) ;
#2950 = AXIS2_PLACEMENT_3D ( 'NONE', #937, #684, #2370 ) ;
#2951 = CARTESIAN_POINT ( 'NONE',  ( -0.7357016169991825700, 0.0000000000000000000, -0.5705769147865087400 ) ) ;
#2952 = DIRECTION ( 'NONE',  ( -0.0000000000000000000, -1.000000000000000000, -0.0000000000000000000 ) ) ;
#2953 = CARTESIAN_POINT ( 'NONE',  ( -0.7099804735160403200, 0.02999999999999999900, -0.5499999999999963800 ) ) ;
#2954 = ORIENTED_EDGE ( 'NONE', *, *, #404, .T. ) ;
#2955 = ORIENTED_EDGE ( 'NONE', *, *, #2988, .F. ) ;
#2956 = ORIENTED_EDGE ( 'NONE', *, *, #733, .F. ) ;
#2957 = DIRECTION ( 'NONE',  ( 0.0000000000000000000, 0.0000000000000000000, -1.000000000000000000 ) ) ;
#2958 = ORIENTED_EDGE ( 'NONE', *, *, #2811, .F. ) ;
#2959 = AXIS2_PLACEMENT_3D ( 'NONE', #1604, #2540, #1123 ) ;
#2960 = FILL_AREA_STYLE_COLOUR ( '', #249 ) ;
#2961 = VERTEX_POINT ( 'NONE', #640 ) ;
#2962 = EDGE_CURVE ( 'NONE', #1162, #2646, #227, .T. ) ;
#2963 = EDGE_CURVE ( 'NONE', #2888, #2671, #780, .T. ) ;
#2964 = PLANE ( 'NONE',  #2676 ) ;
#2965 = AXIS2_PLACEMENT_3D ( 'NONE', #178, #1861, #428 ) ;
#2966 = VECTOR ( 'NONE', #806, 1000.000000000000000 ) ;
#2967 = LINE ( 'NONE', #1287, #1642 ) ;
#2968 = PLANE ( 'NONE',  #18 ) ;
#2969 = FACE_OUTER_BOUND ( 'NONE', #444, .T. ) ;
#2970 = AXIS2_PLACEMENT_3D ( 'NONE', #2580, #2834, #1408 ) ;
#2971 = ORIENTED_EDGE ( 'NONE', *, *, #1754, .T. ) ;
#2972 = EDGE_CURVE ( 'NONE', #2449, #3091, #2619, .T. ) ;
#2973 = CARTESIAN_POINT ( 'NONE',  ( 0.8000000000000052600, 0.0000000000000000000, 0.5999999999999963100 ) ) ;
#2974 = STYLED_ITEM ( 'NONE', ( #1024 ), #1684 ) ;
#2975 = LINE ( 'NONE', #506, #2349 ) ;
#2976 = ORIENTED_EDGE ( 'NONE', *, *, #967, .T. ) ;
#2977 = EDGE_LOOP ( 'NONE', ( #106, #1705, #1066, #2875 ) ) ;
#2978 = CARTESIAN_POINT ( 'NONE',  ( -0.7357016169991812400, 0.0000000000000000000, -0.5705769147865080700 ) ) ;
#2979 = LINE ( 'NONE', #1679, #1739 ) ;
#2980 = LINE ( 'NONE', #2774, #1741 ) ;
#2981 = ORIENTED_EDGE ( 'NONE', *, *, #2881, .T. ) ;
#2982 = ORIENTED_EDGE ( 'NONE', *, *, #2926, .T. ) ;
#2983 = AXIS2_PLACEMENT_3D ( 'NONE', #2262, #1074, #2734 ) ;
#2984 = AXIS2_PLACEMENT_3D ( 'NONE', #674, #2589, #1174 ) ;
#2985 = CARTESIAN_POINT ( 'NONE',  ( -0.7292893218813403200, 0.0000000000000000000, 0.5999999999999963100 ) ) ;
#2986 = DIRECTION ( 'NONE',  ( -0.0000000000000000000, 1.000000000000000000, -0.0000000000000000000 ) ) ;
#2987 = ADVANCED_FACE ( 'NONE', ( #1917, #49 ), #1140, .T. ) ;
#2988 = EDGE_CURVE ( 'NONE', #820, #2605, #615, .T. ) ;
#2989 = VERTEX_POINT ( 'NONE', #2577 ) ;
#2990 = CARTESIAN_POINT ( 'NONE',  ( -0.7999999999999950500, 0.02999999999999999900, -0.5999999999999963100 ) ) ;
#2991 = EDGE_CURVE ( 'NONE', #1632, #1720, #2456, .T. ) ;
#2992 = EDGE_CURVE ( 'NONE', #2240, #1578, #1266, .T. ) ;
#2993 = CARTESIAN_POINT ( 'NONE',  ( 0.7300000000000052000, 0.2999999999999999300, 0.4299999999999962200 ) ) ;
#2994 = SURFACE_STYLE_USAGE ( .BOTH. , #1319 ) ;
#2995 = DIRECTION ( 'NONE',  ( 0.0000000000000000000, 0.0000000000000000000, 1.000000000000000000 ) ) ;
#2996 = VERTEX_POINT ( 'NONE', #926 ) ;
#2997 = DIRECTION ( 'NONE',  ( -1.000000000000000000, 0.0000000000000000000, 0.0000000000000000000 ) ) ;
#2998 = PLANE ( 'NONE',  #3083 ) ;
#2999 = FACE_OUTER_BOUND ( 'NONE', #1356, .T. ) ;
#3000 = ADVANCED_FACE ( 'NONE', ( #3114 ), #442, .F. ) ;
#3001 = VECTOR ( 'NONE', #2613, 1000.000000000000100 ) ;
#3002 = CARTESIAN_POINT ( 'NONE',  ( -0.7999999999999950500, 0.0000000000000000000, 0.5999999999999963100 ) ) ;
#3003 = DIRECTION ( 'NONE',  ( 0.0000000000000000000, 0.0000000000000000000, -1.000000000000000000 ) ) ;
#3004 = AXIS2_PLACEMENT_3D ( 'NONE', #1441, #973, #2625 ) ;
#3005 = ORIENTED_EDGE ( 'NONE', *, *, #2538, .T. ) ;
#3006 = CARTESIAN_POINT ( 'NONE',  ( 0.7499999999999951200, 0.02999999999999999900, 0.5179843788128313300 ) ) ;
#3007 = FILL_AREA_STYLE ('',( #1340 ) ) ;
#3008 = LINE ( 'NONE', #194, #1107 ) ;
#3009 = ORIENTED_EDGE ( 'NONE', *, *, #2004, .T. ) ;
#3010 = EDGE_LOOP ( 'NONE', ( #783, #2709, #1437, #1474 ) ) ;
#3011 = VECTOR ( 'NONE', #95, 1000.000000000000000 ) ;
#3012 = CARTESIAN_POINT ( 'NONE',  ( 0.8000000000000049300, 0.1200000000000000000, -0.6000000000000033100 ) ) ;
#3013 = ORIENTED_EDGE ( 'NONE', *, *, #402, .F. ) ;
#3014 = VERTEX_POINT ( 'NONE', #939 ) ;
#3015 = DIRECTION ( 'NONE',  ( -0.0000000000000000000, 1.000000000000000000, -0.0000000000000000000 ) ) ;
#3016 = SURFACE_STYLE_FILL_AREA ( #2143 ) ;
#3017 = CARTESIAN_POINT ( 'NONE',  ( 0.7292893218813504300, 0.0000000000000000000, -0.6000000000000033100 ) ) ;
#3018 = CARTESIAN_POINT ( 'NONE',  ( 0.7715829222936326800, 0.0000000000000000000, 0.5352507166477413800 ) ) ;
#3019 = ORIENTED_EDGE ( 'NONE', *, *, #1713, .T. ) ;
#3020 = CARTESIAN_POINT ( 'NONE',  ( -0.7499999999999951200, 0.0000000000000000000, 0.5179843788128317700 ) ) ;
#3021 = EDGE_CURVE ( 'NONE', #908, #352, #546, .T. ) ;
#3022 = ADVANCED_FACE ( 'NONE', ( #2400 ), #1418, .T. ) ;
#3023 = VECTOR ( 'NONE', #934, 1000.000000000000100 ) ;
#3024 = EDGE_CURVE ( 'NONE', #1049, #2171, #901, .T. ) ;
#3025 = DIRECTION ( 'NONE',  ( -0.0000000000000000000, 1.000000000000000000, -0.0000000000000000000 ) ) ;
#3026 = CYLINDRICAL_SURFACE ( 'NONE', #2639, 0.07071067811865473800 ) ;
#3027 = EDGE_CURVE ( 'NONE', #744, #1769, #1544, .T. ) ;
#3028 = EDGE_CURVE ( 'NONE', #991, #527, #261, .T. ) ;
#3029 = DIRECTION ( 'NONE',  ( -1.000000000000000000, 0.0000000000000000000, 0.0000000000000000000 ) ) ;
#3031 = DIRECTION ( 'NONE',  ( 1.000000000000000000, 0.0000000000000000000, -7.426042277297974100E-017 ) ) ;
#3030 = LINE ( 'NONE', #2713, #1587 ) ;
#3032 = CARTESIAN_POINT ( 'NONE',  ( 0.6500000000000051300, 0.1200000000000000000, 0.4499999999999963500 ) ) ;
#3033 = CARTESIAN_POINT ( 'NONE',  ( 0.7499999999999951200, 0.0000000000000000000, -0.5179843788128313300 ) ) ;
#3034 = ADVANCED_FACE ( 'NONE', ( #815 ), #2658, .F. ) ;
#3035 = CARTESIAN_POINT ( 'NONE',  ( 0.0000000000000000000, 0.1200000000000000000, 0.0000000000000000000 ) ) ;
#3036 = CARTESIAN_POINT ( 'NONE',  ( 0.7499999999999951200, 0.02999999999999999900, -0.1499999999999962800 ) ) ;
#3037 = EDGE_LOOP ( 'NONE', ( #2409, #2279, #800, #280 ) ) ;
#3038 = EDGE_CURVE ( 'NONE', #1582, #451, #1479, .T. ) ;
#3039 = DIRECTION ( 'NONE',  ( -0.0000000000000000000, -1.000000000000000000, -0.0000000000000000000 ) ) ;
#3040 = EDGE_LOOP ( 'NONE', ( #2890, #1219, #1180, #2044 ) ) ;
#3041 = ORIENTED_EDGE ( 'NONE', *, *, #1265, .T. ) ;
#3042 = ORIENTED_EDGE ( 'NONE', *, *, #2546, .F. ) ;
#3043 = CARTESIAN_POINT ( 'NONE',  ( -0.7715829222936326800, 0.0000000000000000000, 0.5352507166477418200 ) ) ;
#3044 = CARTESIAN_POINT ( 'NONE',  ( -0.7292893218813404400, 0.0000000000000000000, -0.6000000000000033100 ) ) ;
#3045 = ADVANCED_FACE ( 'NONE', ( #169 ), #236, .F. ) ;
#3046 = ORIENTED_EDGE ( 'NONE', *, *, #1792, .T. ) ;
#3047 = DIRECTION ( 'NONE',  ( -0.0000000000000000000, 1.000000000000000000, -0.0000000000000000000 ) ) ;
#3048 = VECTOR ( 'NONE', #2945, 1000.000000000000100 ) ;
#3049 = CARTESIAN_POINT ( 'NONE',  ( 0.7499999999999951200, 0.0000000000000000000, -0.5179843788128313300 ) ) ;
#3050 = AXIS2_PLACEMENT_3D ( 'NONE', #591, #2284, #846 ) ;
#3051 = DIRECTION ( 'NONE',  ( 0.7808688094429836500, 0.0000000000000000000, 0.6246950475544825700 ) ) ;
#3052 = VECTOR ( 'NONE', #2061, 1000.000000000000000 ) ;
#3053 = CARTESIAN_POINT ( 'NONE',  ( -0.7499999999999951200, 0.02999999999999999900, -0.1499999999999963900 ) ) ;
#3054 = ORIENTED_EDGE ( 'NONE', *, *, #1265, .F. ) ;
#3055 = CARTESIAN_POINT ( 'NONE',  ( -0.5440438072099596000, 0.2899999999999998700, 0.3217767925781789800 ) ) ;
#3056 = CARTESIAN_POINT ( 'NONE',  ( -0.7715829222936326800, 0.02999999999999999900, 0.5352507166477418200 ) ) ;
#3057 = DIRECTION ( 'NONE',  ( 1.000000000000000000, 0.0000000000000000000, -2.227812683189392000E-016 ) ) ;
#3058 = ORIENTED_EDGE ( 'NONE', *, *, #2655, .F. ) ;
#3059 = ADVANCED_FACE ( 'NONE', ( #751 ), #2568, .T. ) ;
#3060 = FACE_OUTER_BOUND ( 'NONE', #498, .T. ) ;
#3061 = DIRECTION ( 'NONE',  ( 0.0000000000000000000, 0.0000000000000000000, -1.000000000000000000 ) ) ;
#3062 = ORIENTED_EDGE ( 'NONE', *, *, #1413, .F. ) ;
#3063 = DIRECTION ( 'NONE',  ( 0.0000000000000000000, -0.0000000000000000000, -1.000000000000000000 ) ) ;
#3064 = PLANE ( 'NONE',  #514 ) ;
#3065 = CARTESIAN_POINT ( 'NONE',  ( 0.7292893218813505400, 0.1200000000000000000, 0.5999999999999963100 ) ) ;
#3066 = FILL_AREA_STYLE ('',( #1156 ) ) ;
#3067 = DIRECTION ( 'NONE',  ( 0.0000000000000000000, 0.0000000000000000000, 1.000000000000000000 ) ) ;
#3068 = DIRECTION ( 'NONE',  ( -0.0000000000000000000, 1.000000000000000000, -0.0000000000000000000 ) ) ;
#3069 = LINE ( 'NONE', #472, #657 ) ;
#3070 = FACE_OUTER_BOUND ( 'NONE', #1561, .T. ) ;
#3071 = DIRECTION ( 'NONE',  ( 0.0000000000000000000, 0.0000000000000000000, 1.000000000000000000 ) ) ;
#3072 = VERTEX_POINT ( 'NONE', #489 ) ;
#3073 = CARTESIAN_POINT ( 'NONE',  ( 0.6300000000000051100, 0.2999999999999999300, -0.4300000000000032700 ) ) ;
#3074 = CARTESIAN_POINT ( 'NONE',  ( -0.7499999999999951200, 0.0000000000000000000, -0.1499999999999963900 ) ) ;
#3075 = DIRECTION ( 'NONE',  ( -1.000000000000000000, 0.0000000000000000000, 0.0000000000000000000 ) ) ;
#3076 = CARTESIAN_POINT ( 'NONE',  ( 0.7715829222936326800, 0.02999999999999999900, -0.5352507166477413800 ) ) ;
#3077 = LINE ( 'NONE', #1053, #722 ) ;
#3078 = DIRECTION ( 'NONE',  ( -0.7808688094430290500, 0.0000000000000000000, -0.6246950475544259500 ) ) ;
#3079 = DIRECTION ( 'NONE',  ( -0.0000000000000000000, 1.000000000000000000, -0.0000000000000000000 ) ) ;
#3080 = CARTESIAN_POINT ( 'NONE',  ( 0.3999999999999950800, 0.02999999999999999900, 0.1499999999999962800 ) ) ;
#3081 = ORIENTED_EDGE ( 'NONE', *, *, #1034, .F. ) ;
#3082 = DIRECTION ( 'NONE',  ( -0.0000000000000000000, 0.0000000000000000000, 1.000000000000000000 ) ) ;
#3083 = AXIS2_PLACEMENT_3D ( 'NONE', #2761, #2274, #1593 ) ;
#3084 = CARTESIAN_POINT ( 'NONE',  ( 0.8000000000000049300, 0.0000000000000000000, -0.6000000000000033100 ) ) ;
#3085 = CARTESIAN_POINT ( 'NONE',  ( -0.7999999999999950500, 0.02999999999999999900, 0.5999999999999963100 ) ) ;
#3086 = DIRECTION ( 'NONE',  ( -1.000000000000000000, 0.0000000000000000000, 0.0000000000000000000 ) ) ;
#3087 = DIRECTION ( 'NONE',  ( -0.7808688094430290500, 0.0000000000000000000, -0.6246950475544259500 ) ) ;
#3088 = CARTESIAN_POINT ( 'NONE',  ( 0.7357016169991783500, 0.0000000000000000000, -0.5705769147865064100 ) ) ;
#3089 = CARTESIAN_POINT ( 'NONE',  ( 0.7357016169991803500, 0.0000000000000000000, 0.5705769147865071800 ) ) ;
#3090 = ORIENTED_EDGE ( 'NONE', *, *, #2397, .T. ) ;
#3091 = VERTEX_POINT ( 'NONE', #1916 ) ;
#3092 = AXIS2_PLACEMENT_3D ( 'NONE', #2707, #2949, #1535 ) ;
#3093 = DIRECTION ( 'NONE',  ( -0.0000000000000000000, -1.000000000000000000, -0.0000000000000000000 ) ) ;
#3094 = EDGE_CURVE ( 'NONE', #2591, #2029, #2012, .T. ) ;
#3095 = DIRECTION ( 'NONE',  ( 0.0000000000000000000, 0.0000000000000000000, -1.000000000000000000 ) ) ;
#3096 = DIRECTION ( 'NONE',  ( 0.0000000000000000000, 1.000000000000000000, 0.0000000000000000000 ) ) ;
#3097 = LINE ( 'NONE', #1932, #534 ) ;
#3098 = CARTESIAN_POINT ( 'NONE',  ( -0.7357016169991782400, 0.02999999999999999900, 0.5705769147865067400 ) ) ;
#3099 = ORIENTED_EDGE ( 'NONE', *, *, #1930, .F. ) ;
#3100 = DIRECTION ( 'NONE',  ( -1.000000000000000000, 0.0000000000000000000, 0.0000000000000000000 ) ) ;
#3101 = EDGE_CURVE ( 'NONE', #2567, #2467, #80, .T. ) ;
#3102 = CIRCLE ( 'NONE', #1842, 0.09999999999999999200 ) ;
#3103 = VERTEX_POINT ( 'NONE', #2403 ) ;
#3104 = VECTOR ( 'NONE', #2330, 1000.000000000000000 ) ;
#3105 = DIRECTION ( 'NONE',  ( -0.0000000000000000000, 1.000000000000000000, -0.0000000000000000000 ) ) ;
#3106 = VERTEX_POINT ( 'NONE', #2891 ) ;
#3107 = ORIENTED_EDGE ( 'NONE', *, *, #532, .F. ) ;
#3108 = LINE ( 'NONE', #2732, #2450 ) ;
#3109 = DIRECTION ( 'NONE',  ( 0.0000000000000000000, 1.000000000000000000, 0.0000000000000000000 ) ) ;
#3110 = ORIENTED_EDGE ( 'NONE', *, *, #1278, .F. ) ;
#3111 = ORIENTED_EDGE ( 'NONE', *, *, #2962, .F. ) ;
#3112 = EDGE_CURVE ( 'NONE', #2635, #1845, #651, .T. ) ;
#3113 = EDGE_CURVE ( 'NONE', #2306, #1905, #2717, .T. ) ;
#3114 = FACE_OUTER_BOUND ( 'NONE', #1653, .T. ) ;
#3115 = VECTOR ( 'NONE', #2282, 1000.000000000000000 ) ;
#3116 = ORIENTED_EDGE ( 'NONE', *, *, #1278, .T. ) ;
#3117 = EDGE_CURVE ( 'NONE', #1973, #43, #20, .T. ) ;
#3118 = VECTOR ( 'NONE', #1631, 1000.000000000000000 ) ;
#3119 = LINE ( 'NONE', #1402, #622 ) ;
#3120 = CARTESIAN_POINT ( 'NONE',  ( 0.7499999999999951200, 0.0000000000000000000, -0.1499999999999962800 ) ) ;
#3121 = CARTESIAN_POINT ( 'NONE',  ( 0.2499999999999951200, 0.02999999999999999900, -0.5499999999999959400 ) ) ;
#3122 = CYLINDRICAL_SURFACE ( 'NONE', #2596, 0.09999999999999999200 ) ;
#3123 = DIRECTION ( 'NONE',  ( -0.0000000000000000000, -1.000000000000000000, -0.0000000000000000000 ) ) ;
#3124 = EDGE_LOOP ( 'NONE', ( #1702, #2017, #40, #562 ) ) ;
#3125 = VERTEX_POINT ( 'NONE', #1002 ) ;
#3126 = DIRECTION ( 'NONE',  ( 0.0000000000000000000, 0.0000000000000000000, 1.000000000000000000 ) ) ;
#3127 = ADVANCED_FACE ( 'NONE', ( #1292 ), #2899, .F. ) ;
#3128 = EDGE_LOOP ( 'NONE', ( #1035, #2270, #500, #1029 ) ) ;
#3129 = AXIS2_PLACEMENT_3D ( 'NONE', #2843, #3082, #954 ) ;
ENDSEC;
END-ISO-10303-21;
